league,season,game,round,week,day,date,time,home_team,score,away_team,attendance,venue,referee,match_report,notes,game_id
INT-World Cup,2002,2002-05-31 France-Senegal,Group stage,1,Fri,2002-05-31,20:30,France,0–1,Senegal,62561,Seoul World Cup Stadium (Neutral Site),,/en/matches/df429f29/France-Senegal-May-31-2002-World-Cup,,df429f29
INT-World Cup,2002,2002-06-01 Germany-Saudi Arabia,Group stage,1,Sat,2002-06-01,20:30,Germany,8–0,Saudi Arabia,32218,Sapporo Dome (Neutral Site),,/en/matches/8044bc39/Germany-Saudi-Arabia-June-1-2002-World-Cup,,8044bc39
INT-World Cup,2002,2002-06-01 Rep. of Ireland-Cameroon,Group stage,1,Sat,2002-06-01,15:30,Rep. of Ireland,1–1,Cameroon,33679,Denka Big Swan Stadium (Neutral Site),,/en/matches/a8e32cf4/Republic-of-Ireland-Cameroon-June-1-2002-World-Cup,,a8e32cf4
INT-World Cup,2002,2002-06-01 Uruguay-Denmark,Group stage,1,Sat,2002-06-01,18:00,Uruguay,1–2,Denmark,30157,Munsu Cup Stadium (Neutral Site),,/en/matches/43a72224/Uruguay-Denmark-June-1-2002-World-Cup,,43a72224
INT-World Cup,2002,2002-06-02 Argentina-Nigeria,Group stage,1,Sun,2002-06-02,14:30,Argentina,1–0,Nigeria,34050,Kashima Soccer Stadium (Neutral Site),,/en/matches/0a576ae4/Argentina-Nigeria-June-2-2002-World-Cup,,0a576ae4
INT-World Cup,2002,2002-06-02 England-Sweden,Group stage,1,Sun,2002-06-02,18:30,England,1–1,Sweden,52721,Saitama Stadium 2002 (Neutral Site),,/en/matches/5c194a68/England-Sweden-June-2-2002-World-Cup,,5c194a68
INT-World Cup,2002,2002-06-02 Paraguay-South Africa,Group stage,1,Sun,2002-06-02,16:30,Paraguay,2–2,South Africa,25186,Busan Sport Complex Asiad Stadium (Neutral Site),,/en/matches/de22bef8/Paraguay-South-Africa-June-2-2002-World-Cup,,de22bef8
INT-World Cup,2002,2002-06-02 Spain-Slovenia,Group stage,1,Sun,2002-06-02,20:30,Spain,3–1,Slovenia,28588,Guus Hiddink Stadium (Neutral Site),,/en/matches/af8028a6/Spain-Slovenia-June-2-2002-World-Cup,,af8028a6
INT-World Cup,2002,2002-06-03 Brazil-Türkiye,Group stage,1,Mon,2002-06-03,18:00,Brazil,2–1,Türkiye,33842,Munsu Cup Stadium (Neutral Site),,/en/matches/ce64519a/Brazil-Turkiye-June-3-2002-World-Cup,,ce64519a
INT-World Cup,2002,2002-06-03 Croatia-Mexico,Group stage,1,Mon,2002-06-03,15:30,Croatia,0–1,Mexico,32239,Denka Big Swan Stadium (Neutral Site),,/en/matches/6f03df0c/Croatia-Mexico-June-3-2002-World-Cup,,6f03df0c
INT-World Cup,2002,2002-06-03 Italy-Ecuador,Group stage,1,Mon,2002-06-03,20:30,Italy,2–0,Ecuador,31081,Sapporo Dome (Neutral Site),,/en/matches/51b415c5/Italy-Ecuador-June-3-2002-World-Cup,,51b415c5
INT-World Cup,2002,2002-06-04 China PR-Costa Rica,Group stage,1,Tue,2002-06-04,15:30,China PR,0–2,Costa Rica,27217,Guus Hiddink Stadium (Neutral Site),,/en/matches/73e181c0/China-PR-Costa-Rica-June-4-2002-World-Cup,,73e181c0
INT-World Cup,2002,2002-06-04 Japan-Belgium,Group stage,1,Tue,2002-06-04,18:00,Japan,2–2,Belgium,55256,Saitama Stadium 2002 (Neutral Site),,/en/matches/7ad7f59c/Japan-Belgium-June-4-2002-World-Cup,,7ad7f59c
INT-World Cup,2002,2002-06-04 Korea Republic-Poland,Group stage,1,Tue,2002-06-04,20:30,Korea Republic,2–0,Poland,48760,Busan Sport Complex Asiad Stadium (Neutral Site),,/en/matches/fa3549c0/Korea-Republic-Poland-June-4-2002-World-Cup,,fa3549c0
INT-World Cup,2002,2002-06-05 Germany-Rep. of Ireland,Group stage,2,Wed,2002-06-05,20:30,Germany,1–1,Rep. of Ireland,35854,Kashima Soccer Stadium (Neutral Site),,/en/matches/b573fa88/Germany-Republic-of-Ireland-June-5-2002-World-Cup,,b573fa88
INT-World Cup,2002,2002-06-05 Russia-Tunisia,Group stage,1,Wed,2002-06-05,15:30,Russia,2–0,Tunisia,30957,NOEVIR Stadium Kobe (Neutral Site),,/en/matches/c620feb2/Russia-Tunisia-June-5-2002-World-Cup,,c620feb2
INT-World Cup,2002,2002-06-05 United States-Portugal,Group stage,1,Wed,2002-06-05,18:00,United States,3–2,Portugal,37306,Suwon World Cup Stadium (Neutral Site),,/en/matches/d47d104c/United-States-Portugal-June-5-2002-World-Cup,,d47d104c
INT-World Cup,2002,2002-06-06 Cameroon-Saudi Arabia,Group stage,2,Thu,2002-06-06,18:00,Cameroon,1–0,Saudi Arabia,52328,Saitama Stadium 2002 (Neutral Site),,/en/matches/421f5e66/Cameroon-Saudi-Arabia-June-6-2002-World-Cup,,421f5e66
INT-World Cup,2002,2002-06-06 Denmark-Senegal,Group stage,2,Thu,2002-06-06,15:30,Denmark,1–1,Senegal,43500,Daegu Main Stadium (Neutral Site),,/en/matches/90a0d102/Denmark-Senegal-June-6-2002-World-Cup,,90a0d102
INT-World Cup,2002,2002-06-06 France-Uruguay,Group stage,2,Thu,2002-06-06,20:30,France,0–0,Uruguay,38070,Busan Sport Complex Asiad Stadium (Neutral Site),,/en/matches/a956e5ba/France-Uruguay-June-6-2002-World-Cup,,a956e5ba
INT-World Cup,2002,2002-06-07 Argentina-England,Group stage,2,Fri,2002-06-07,20:30,Argentina,0–1,England,35927,Sapporo Dome (Neutral Site),,/en/matches/8adcbcc1/Argentina-England-June-7-2002-World-Cup,,8adcbcc1
INT-World Cup,2002,2002-06-07 Spain-Paraguay,Group stage,2,Fri,2002-06-07,18:00,Spain,3–1,Paraguay,24000,Jeonju World Cup Stadium (Neutral Site),,/en/matches/ab37d345/Spain-Paraguay-June-7-2002-World-Cup,,ab37d345
INT-World Cup,2002,2002-06-07 Sweden-Nigeria,Group stage,2,Fri,2002-06-07,15:30,Sweden,2–1,Nigeria,36194,NOEVIR Stadium Kobe (Neutral Site),,/en/matches/e86bf380/Sweden-Nigeria-June-7-2002-World-Cup,,e86bf380
INT-World Cup,2002,2002-06-08 Brazil-China PR,Group stage,2,Sat,2002-06-08,20:30,Brazil,4–0,China PR,36750,Jeju World Cup Stadium (Neutral Site),,/en/matches/f94b26f9/Brazil-China-PR-June-8-2002-World-Cup,,f94b26f9
INT-World Cup,2002,2002-06-08 Italy-Croatia,Group stage,2,Sat,2002-06-08,18:00,Italy,1–2,Croatia,36472,Kashima Soccer Stadium (Neutral Site),,/en/matches/590f904a/Italy-Croatia-June-8-2002-World-Cup,,590f904a
INT-World Cup,2002,2002-06-08 South Africa-Slovenia,Group stage,2,Sat,2002-06-08,15:30,South Africa,1–0,Slovenia,47226,Daegu Main Stadium (Neutral Site),,/en/matches/6fb9a6d3/South-Africa-Slovenia-June-8-2002-World-Cup,,6fb9a6d3
INT-World Cup,2002,2002-06-09 Costa Rica-Türkiye,Group stage,2,Sun,2002-06-09,18:00,Costa Rica,1–1,Türkiye,42299,Incheon Munhak Stadium (Neutral Site),,/en/matches/74380e65/Costa-Rica-Turkiye-June-9-2002-World-Cup,,74380e65
INT-World Cup,2002,2002-06-09 Japan-Russia,Group stage,2,Sun,2002-06-09,20:30,Japan,1–0,Russia,66108,Nissan Stadium (Neutral Site),,/en/matches/dabad308/Japan-Russia-June-9-2002-World-Cup,,dabad308
INT-World Cup,2002,2002-06-09 Mexico-Ecuador,Group stage,2,Sun,2002-06-09,15:30,Mexico,2–1,Ecuador,45610,Sapporo Dome (Neutral Site),,/en/matches/8e33c7e6/Mexico-Ecuador-June-9-2002-World-Cup,,8e33c7e6
INT-World Cup,2002,2002-06-10 Korea Republic-United States,Group stage,2,Mon,2002-06-10,15:30,Korea Republic,1–1,United States,60778,Daegu Main Stadium (Neutral Site),,/en/matches/a0bcc779/Korea-Republic-United-States-June-10-2002-World-Cup,,a0bcc779
INT-World Cup,2002,2002-06-10 Portugal-Poland,Group stage,2,Mon,2002-06-10,20:30,Portugal,4–0,Poland,31000,Jeonju World Cup Stadium (Neutral Site),,/en/matches/86046b06/Portugal-Poland-June-10-2002-World-Cup,,86046b06
INT-World Cup,2002,2002-06-10 Tunisia-Belgium,Group stage,2,Mon,2002-06-10,18:00,Tunisia,1–1,Belgium,39700,Ōita Bank Dome (Neutral Site),,/en/matches/6fafd52d/Tunisia-Belgium-June-10-2002-World-Cup,,6fafd52d
INT-World Cup,2002,2002-06-11 Cameroon-Germany,Group stage,3,Tue,2002-06-11,20:30,Cameroon,0–2,Germany,47085,Shizuoka Stadium Ecopa (Neutral Site),,/en/matches/90a3d157/Cameroon-Germany-June-11-2002-World-Cup,,90a3d157
INT-World Cup,2002,2002-06-11 Denmark-France,Group stage,3,Tue,2002-06-11,15:30,Denmark,2–0,France,48100,Incheon Munhak Stadium (Neutral Site),,/en/matches/3e38459d/Denmark-France-June-11-2002-World-Cup,,3e38459d
INT-World Cup,2002,2002-06-11 Saudi Arabia-Rep. of Ireland,Group stage,3,Tue,2002-06-11,20:30,Saudi Arabia,0–3,Rep. of Ireland,65320,Nissan Stadium (Neutral Site),,/en/matches/286f741c/Saudi-Arabia-Republic-of-Ireland-June-11-2002-World-Cup,,286f741c
INT-World Cup,2002,2002-06-11 Senegal-Uruguay,Group stage,3,Tue,2002-06-11,15:30,Senegal,3–3,Uruguay,33681,Suwon World Cup Stadium (Neutral Site),,/en/matches/65ee97d1/Senegal-Uruguay-June-11-2002-World-Cup,,65ee97d1
INT-World Cup,2002,2002-06-12 Nigeria-England,Group stage,3,Wed,2002-06-12,15:30,Nigeria,0–0,England,44864,Yanmar Stadium Nagai (Neutral Site),,/en/matches/3ee5e957/Nigeria-England-June-12-2002-World-Cup,,3ee5e957
INT-World Cup,2002,2002-06-12 Slovenia-Paraguay,Group stage,3,Wed,2002-06-12,20:30,Slovenia,1–3,Paraguay,30176,Jeju World Cup Stadium (Neutral Site),,/en/matches/18b18bac/Slovenia-Paraguay-June-12-2002-World-Cup,,18b18bac
INT-World Cup,2002,2002-06-12 South Africa-Spain,Group stage,3,Wed,2002-06-12,20:30,South Africa,2–3,Spain,31024,Daejeon World Cup Stadium (Neutral Site),,/en/matches/f9cdab49/South-Africa-Spain-June-12-2002-World-Cup,,f9cdab49
INT-World Cup,2002,2002-06-12 Sweden-Argentina,Group stage,3,Wed,2002-06-12,15:30,Sweden,1–1,Argentina,45777,Miyagi Stadium (Neutral Site),,/en/matches/e2d16971/Sweden-Argentina-June-12-2002-World-Cup,,e2d16971
INT-World Cup,2002,2002-06-13 Costa Rica-Brazil,Group stage,3,Thu,2002-06-13,15:30,Costa Rica,2–5,Brazil,38524,Suwon World Cup Stadium (Neutral Site),,/en/matches/f45ce023/Costa-Rica-Brazil-June-13-2002-World-Cup,,f45ce023
INT-World Cup,2002,2002-06-13 Ecuador-Croatia,Group stage,3,Thu,2002-06-13,20:30,Ecuador,1–0,Croatia,65862,Nissan Stadium (Neutral Site),,/en/matches/bde6cf4d/Ecuador-Croatia-June-13-2002-World-Cup,,bde6cf4d
INT-World Cup,2002,2002-06-13 Mexico-Italy,Group stage,3,Thu,2002-06-13,20:30,Mexico,1–1,Italy,39291,Ōita Bank Dome (Neutral Site),,/en/matches/80e007cf/Mexico-Italy-June-13-2002-World-Cup,,80e007cf
INT-World Cup,2002,2002-06-13 Türkiye-China PR,Group stage,3,Thu,2002-06-13,15:30,Türkiye,3–0,China PR,43605,Seoul World Cup Stadium (Neutral Site),,/en/matches/74aa1715/Turkiye-China-PR-June-13-2002-World-Cup,,74aa1715
INT-World Cup,2002,2002-06-14 Belgium-Russia,Group stage,3,Fri,2002-06-14,15:30,Belgium,3–2,Russia,46640,Shizuoka Stadium Ecopa (Neutral Site),,/en/matches/1074a11b/Belgium-Russia-June-14-2002-World-Cup,,1074a11b
INT-World Cup,2002,2002-06-14 Poland-United States,Group stage,3,Fri,2002-06-14,20:30,Poland,3–1,United States,26482,Daejeon World Cup Stadium (Neutral Site),,/en/matches/00047557/Poland-United-States-June-14-2002-World-Cup,,00047557
INT-World Cup,2002,2002-06-14 Portugal-Korea Republic,Group stage,3,Fri,2002-06-14,20:30,Portugal,0–1,Korea Republic,50239,Incheon Munhak Stadium (Neutral Site),,/en/matches/2952ddfa/Portugal-Korea-Republic-June-14-2002-World-Cup,,2952ddfa
INT-World Cup,2002,2002-06-14 Tunisia-Japan,Group stage,3,Fri,2002-06-14,15:30,Tunisia,0–2,Japan,45213,Yanmar Stadium Nagai (Neutral Site),,/en/matches/824cd631/Tunisia-Japan-June-14-2002-World-Cup,,824cd631
INT-World Cup,2002,2002-06-15 Denmark-England,Round of 16,,Sat,2002-06-15,20:30,Denmark,0–3,England,40582,Denka Big Swan Stadium (Neutral Site),,/en/matches/0f43d38d/Denmark-England-June-15-2002-World-Cup,,0f43d38d
INT-World Cup,2002,2002-06-15 Germany-Paraguay,Round of 16,,Sat,2002-06-15,15:30,Germany,1–0,Paraguay,25176,Jeju World Cup Stadium (Neutral Site),,/en/matches/fae4aa32/Germany-Paraguay-June-15-2002-World-Cup,,fae4aa32
INT-World Cup,2002,2002-06-16 Spain-Rep. of Ireland,Round of 16,,Sun,2002-06-16,20:30,Spain,(3) 1–1 (2),Rep. of Ireland,38926,Suwon World Cup Stadium (Neutral Site),,/en/matches/fd2b7f5b/Spain-Republic-of-Ireland-June-16-2002-World-Cup,Spain won on penalty kicks following extra time,fd2b7f5b
INT-World Cup,2002,2002-06-16 Sweden-Senegal,Round of 16,,Sun,2002-06-16,15:30,Sweden,1–2,Senegal,39747,Ōita Bank Dome (Neutral Site),,/en/matches/916eb38b/Sweden-Senegal-June-16-2002-World-Cup,Required Extra Time,916eb38b
INT-World Cup,2002,2002-06-17 Brazil-Belgium,Round of 16,,Mon,2002-06-17,20:30,Brazil,2–0,Belgium,40440,NOEVIR Stadium Kobe (Neutral Site),,/en/matches/7914182e/Brazil-Belgium-June-17-2002-World-Cup,,7914182e
INT-World Cup,2002,2002-06-17 Mexico-United States,Round of 16,,Mon,2002-06-17,15:30,Mexico,0–2,United States,36380,Jeonju World Cup Stadium (Neutral Site),,/en/matches/ff5e0e83/Mexico-United-States-June-17-2002-World-Cup,,ff5e0e83
INT-World Cup,2002,2002-06-18 Japan-Türkiye,Round of 16,,Tue,2002-06-18,15:30,Japan,0–1,Türkiye,45666,Miyagi Stadium (Neutral Site),,/en/matches/f4bb56b3/Japan-Turkiye-June-18-2002-World-Cup,,f4bb56b3
INT-World Cup,2002,2002-06-18 Korea Republic-Italy,Round of 16,,Tue,2002-06-18,20:30,Korea Republic,2–1,Italy,38588,Daejeon World Cup Stadium (Neutral Site),,/en/matches/ba5e8f23/Korea-Republic-Italy-June-18-2002-World-Cup,Required Extra Time,ba5e8f23
INT-World Cup,2002,2002-06-21 England-Brazil,Quarter-finals,,Fri,2002-06-21,15:30,England,1–2,Brazil,47436,Daejeon World Cup Stadium (Neutral Site),,/en/matches/ea66b53e/England-Brazil-June-21-2002-World-Cup,,ea66b53e
INT-World Cup,2002,2002-06-21 Germany-United States,Quarter-finals,,Fri,2002-06-21,20:30,Germany,1–0,United States,37337,Munsu Cup Stadium (Neutral Site),,/en/matches/60050bd7/Germany-United-States-June-21-2002-World-Cup,,60050bd7
INT-World Cup,2002,2002-06-22 Senegal-Türkiye,Quarter-finals,,Sat,2002-06-22,20:30,Senegal,0–1,Türkiye,44233,Yanmar Stadium Nagai (Neutral Site),,/en/matches/652543c5/Senegal-Turkiye-June-22-2002-World-Cup,Required Extra Time,652543c5
INT-World Cup,2002,2002-06-22 Spain-Korea Republic,Quarter-finals,,Sat,2002-06-22,15:30,Spain,(3) 0–0 (5),Korea Republic,42114,Guus Hiddink Stadium (Neutral Site),,/en/matches/071c1562/Spain-Korea-Republic-June-22-2002-World-Cup,Korea Republic won on penalty kicks following extra time,071c1562
INT-World Cup,2002,2002-06-25 Germany-Korea Republic,Semi-finals,,Tue,2002-06-25,20:30,Germany,1–0,Korea Republic,65625,Seoul World Cup Stadium (Neutral Site),,/en/matches/9eec3244/Germany-Korea-Republic-June-25-2002-World-Cup,,9eec3244
INT-World Cup,2002,2002-06-26 Brazil-Türkiye,Semi-finals,,Wed,2002-06-26,20:30,Brazil,1–0,Türkiye,61058,Saitama Stadium 2002 (Neutral Site),,/en/matches/79bd67af/Brazil-Turkiye-June-26-2002-World-Cup,,79bd67af
INT-World Cup,2002,2002-06-29 Korea Republic-Türkiye,Third-place match,,Sat,2002-06-29,20:00,Korea Republic,2–3,Türkiye,63483,Daegu Main Stadium (Neutral Site),,/en/matches/06f030f2/Korea-Republic-Turkiye-June-29-2002-World-Cup,,06f030f2
INT-World Cup,2002,2002-06-30 Germany-Brazil,Final,,Sun,2002-06-30,20:00,Germany,0–2,Brazil,69029,Nissan Stadium (Neutral Site),,/en/matches/ad525eb5/Germany-Brazil-June-30-2002-World-Cup,,ad525eb5
INT-World Cup,2006,2006-06-09 Germany-Costa Rica,Group stage,1,Fri,2006-06-09,18:00 (01:00),Germany,4–2,Costa Rica,64950,Allianz Arena (Neutral Site),,/en/matches/7fe41ec1/Germany-Costa-Rica-June-9-2006-World-Cup,,7fe41ec1
INT-World Cup,2006,2006-06-09 Poland-Ecuador,Group stage,1,Fri,2006-06-09,21:00 (04:00),Poland,0–2,Ecuador,52000,Veltins-Arena (Neutral Site),,/en/matches/1af35ec7/Poland-Ecuador-June-9-2006-World-Cup,,1af35ec7
INT-World Cup,2006,2006-06-10 Argentina-Côte d'Ivoire,Group stage,1,Sat,2006-06-10,21:00 (04:00),Argentina,2–1,Côte d'Ivoire,49480,Volksparkstadion (Neutral Site),,/en/matches/0bf00362/Argentina-Cote-dIvoire-June-10-2006-World-Cup,,0bf00362
INT-World Cup,2006,2006-06-10 England-Paraguay,Group stage,1,Sat,2006-06-10,15:00 (22:00),England,1–0,Paraguay,48000,Commerzbank-Arena (Neutral Site),,/en/matches/6a17770a/England-Paraguay-June-10-2006-World-Cup,,6a17770a
INT-World Cup,2006,2006-06-10 Trin & Tobago-Sweden,Group stage,1,Sat,2006-06-10,18:00 (01:00),Trin & Tobago,0–0,Sweden,62959,Signal Iduna Park (Neutral Site),,/en/matches/93411fea/Trinidad-and-Tobago-Sweden-June-10-2006-World-Cup,,93411fea
INT-World Cup,2006,2006-06-11 Angola-Portugal,Group stage,1,Sun,2006-06-11,21:00 (04:00),Angola,0–1,Portugal,45000,RheinEnergieSTADION (Neutral Site),,/en/matches/4eee7978/Angola-Portugal-June-11-2006-World-Cup,,4eee7978
INT-World Cup,2006,2006-06-11 Mexico-IR Iran,Group stage,1,Sun,2006-06-11,18:00 (01:00),Mexico,3–1,IR Iran,41000,Max-Morlock-Stadion (Neutral Site),,/en/matches/b53202c5/Mexico-IR-Iran-June-11-2006-World-Cup,,b53202c5
INT-World Cup,2006,2006-06-11 S & M-Netherlands,Group stage,1,Sun,2006-06-11,15:00 (22:00),S & M,0–1,Netherlands,37216,Red Bull Arena (Neutral Site),,/en/matches/7d486779/Serbia-and-Montenegro-Netherlands-June-11-2006-World-Cup,,7d486779
INT-World Cup,2006,2006-06-12 Australia-Japan,Group stage,1,Mon,2006-06-12,15:00 (22:00),Australia,3–1,Japan,46000,Fritz-Walter-Stadion (Neutral Site),,/en/matches/df5a98f2/Australia-Japan-June-12-2006-World-Cup,,df5a98f2
INT-World Cup,2006,2006-06-12 Italy-Ghana,Group stage,1,Mon,2006-06-12,21:00 (04:00),Italy,2–0,Ghana,43000,HDI-Arena (Neutral Site),,/en/matches/8433fb61/Italy-Ghana-June-12-2006-World-Cup,,8433fb61
INT-World Cup,2006,2006-06-12 United States-Czechia,Group stage,1,Mon,2006-06-12,18:00 (01:00),United States,0–3,Czechia,52000,Veltins-Arena (Neutral Site),,/en/matches/31eb4ffe/United-States-Czechia-June-12-2006-World-Cup,,31eb4ffe
INT-World Cup,2006,2006-06-13 Brazil-Croatia,Group stage,1,Tue,2006-06-13,21:00 (04:00),Brazil,1–0,Croatia,72000,Olympiastadion Berlin (Neutral Site),,/en/matches/317e915d/Brazil-Croatia-June-13-2006-World-Cup,,317e915d
INT-World Cup,2006,2006-06-13 France-Switzerland,Group stage,1,Tue,2006-06-13,18:00 (01:00),France,0–0,Switzerland,52000,Mercedes-Benz Arena (Neutral Site),,/en/matches/ab861e62/France-Switzerland-June-13-2006-World-Cup,,ab861e62
INT-World Cup,2006,2006-06-13 Korea Republic-Togo,Group stage,1,Tue,2006-06-13,15:00 (22:00),Korea Republic,2–1,Togo,48000,Commerzbank-Arena (Neutral Site),,/en/matches/3b6cbfa1/Korea-Republic-Togo-June-13-2006-World-Cup,,3b6cbfa1
INT-World Cup,2006,2006-06-14 Germany-Poland,Group stage,2,Wed,2006-06-14,21:00 (04:00),Germany,1–0,Poland,65000,Signal Iduna Park (Neutral Site),,/en/matches/d6f3ebac/Germany-Poland-June-14-2006-World-Cup,,d6f3ebac
INT-World Cup,2006,2006-06-14 Spain-Ukraine,Group stage,1,Wed,2006-06-14,15:00 (22:00),Spain,4–0,Ukraine,43000,Red Bull Arena (Neutral Site),,/en/matches/614ddbea/Spain-Ukraine-June-14-2006-World-Cup,,614ddbea
INT-World Cup,2006,2006-06-14 Tunisia-Saudi Arabia,Group stage,1,Wed,2006-06-14,18:00 (01:00),Tunisia,2–2,Saudi Arabia,66000,Allianz Arena (Neutral Site),,/en/matches/8f195332/Tunisia-Saudi-Arabia-June-14-2006-World-Cup,,8f195332
INT-World Cup,2006,2006-06-15 Ecuador-Costa Rica,Group stage,2,Thu,2006-06-15,15:00 (22:00),Ecuador,3–0,Costa Rica,50000,Veltins-Arena (Neutral Site),,/en/matches/82b16d6b/Ecuador-Costa-Rica-June-15-2006-World-Cup,,82b16d6b
INT-World Cup,2006,2006-06-15 England-Trin & Tobago,Group stage,2,Thu,2006-06-15,18:00 (01:00),England,2–0,Trin & Tobago,41000,Max-Morlock-Stadion (Neutral Site),,/en/matches/c40f0ad8/England-Trinidad-and-Tobago-June-15-2006-World-Cup,,c40f0ad8
INT-World Cup,2006,2006-06-15 Sweden-Paraguay,Group stage,2,Thu,2006-06-15,21:00 (04:00),Sweden,1–0,Paraguay,72000,Olympiastadion Berlin (Neutral Site),,/en/matches/8d2b6448/Sweden-Paraguay-June-15-2006-World-Cup,,8d2b6448
INT-World Cup,2006,2006-06-16 Argentina-S & M,Group stage,2,Fri,2006-06-16,15:00 (22:00),Argentina,6–0,S & M,52000,Veltins-Arena (Neutral Site),,/en/matches/873ab72e/Argentina-Serbia-and-Montenegro-June-16-2006-World-Cup,,873ab72e
INT-World Cup,2006,2006-06-16 Mexico-Angola,Group stage,2,Fri,2006-06-16,21:00 (04:00),Mexico,0–0,Angola,43000,HDI-Arena (Neutral Site),,/en/matches/d1b0fb9c/Mexico-Angola-June-16-2006-World-Cup,,d1b0fb9c
INT-World Cup,2006,2006-06-16 Netherlands-Côte d'Ivoire,Group stage,2,Fri,2006-06-16,18:00 (01:00),Netherlands,2–1,Côte d'Ivoire,52000,Mercedes-Benz Arena (Neutral Site),,/en/matches/168ddbd1/Netherlands-Cote-dIvoire-June-16-2006-World-Cup,,168ddbd1
INT-World Cup,2006,2006-06-17 Czechia-Ghana,Group stage,2,Sat,2006-06-17,18:00 (01:00),Czechia,0–2,Ghana,45000,RheinEnergieSTADION (Neutral Site),,/en/matches/a6b37a7c/Czechia-Ghana-June-17-2006-World-Cup,,a6b37a7c
INT-World Cup,2006,2006-06-17 Italy-United States,Group stage,2,Sat,2006-06-17,21:00 (04:00),Italy,1–1,United States,46000,Fritz-Walter-Stadion (Neutral Site),,/en/matches/62132b8d/Italy-United-States-June-17-2006-World-Cup,,62132b8d
INT-World Cup,2006,2006-06-17 Portugal-IR Iran,Group stage,2,Sat,2006-06-17,15:00 (22:00),Portugal,2–0,IR Iran,48000,Commerzbank-Arena (Neutral Site),,/en/matches/0135f80a/Portugal-IR-Iran-June-17-2006-World-Cup,,0135f80a
INT-World Cup,2006,2006-06-18 Brazil-Australia,Group stage,2,Sun,2006-06-18,18:00 (01:00),Brazil,2–0,Australia,66000,Allianz Arena (Neutral Site),,/en/matches/dff8c6ec/Brazil-Australia-June-18-2006-World-Cup,,dff8c6ec
INT-World Cup,2006,2006-06-18 France-Korea Republic,Group stage,2,Sun,2006-06-18,21:00 (04:00),France,1–1,Korea Republic,43000,Red Bull Arena (Neutral Site),,/en/matches/c128d2f4/France-Korea-Republic-June-18-2006-World-Cup,,c128d2f4
INT-World Cup,2006,2006-06-18 Japan-Croatia,Group stage,2,Sun,2006-06-18,15:00 (22:00),Japan,0–0,Croatia,41000,Max-Morlock-Stadion (Neutral Site),,/en/matches/c7e58d3e/Japan-Croatia-June-18-2006-World-Cup,,c7e58d3e
INT-World Cup,2006,2006-06-19 Saudi Arabia-Ukraine,Group stage,2,Mon,2006-06-19,18:00 (01:00),Saudi Arabia,0–4,Ukraine,50000,Volksparkstadion (Neutral Site),,/en/matches/5d136a0f/Saudi-Arabia-Ukraine-June-19-2006-World-Cup,,5d136a0f
INT-World Cup,2006,2006-06-19 Spain-Tunisia,Group stage,2,Mon,2006-06-19,21:00 (04:00),Spain,3–1,Tunisia,52000,Mercedes-Benz Arena (Neutral Site),,/en/matches/d9f12958/Spain-Tunisia-June-19-2006-World-Cup,,d9f12958
INT-World Cup,2006,2006-06-19 Togo-Switzerland,Group stage,2,Mon,2006-06-19,15:00 (22:00),Togo,0–2,Switzerland,65000,Signal Iduna Park (Neutral Site),,/en/matches/6b17478f/Togo-Switzerland-June-19-2006-World-Cup,,6b17478f
INT-World Cup,2006,2006-06-20 Costa Rica-Poland,Group stage,3,Tue,2006-06-20,16:00 (23:00),Costa Rica,1–2,Poland,43000,HDI-Arena (Neutral Site),,/en/matches/d07203b2/Costa-Rica-Poland-June-20-2006-World-Cup,,d07203b2
INT-World Cup,2006,2006-06-20 Ecuador-Germany,Group stage,3,Tue,2006-06-20,16:00 (23:00),Ecuador,0–3,Germany,72000,Olympiastadion Berlin (Neutral Site),,/en/matches/0e9efd1d/Ecuador-Germany-June-20-2006-World-Cup,,0e9efd1d
INT-World Cup,2006,2006-06-20 Paraguay-Trin & Tobago,Group stage,3,Tue,2006-06-20,21:00 (04:00),Paraguay,2–0,Trin & Tobago,46000,Fritz-Walter-Stadion (Neutral Site),,/en/matches/0f7b68a0/Paraguay-Trinidad-and-Tobago-June-20-2006-World-Cup,,0f7b68a0
INT-World Cup,2006,2006-06-20 Sweden-England,Group stage,3,Tue,2006-06-20,21:00 (04:00),Sweden,2–2,England,45000,RheinEnergieSTADION (Neutral Site),,/en/matches/78a3e10b/Sweden-England-June-20-2006-World-Cup,,78a3e10b
INT-World Cup,2006,2006-06-21 Côte d'Ivoire-S & M,Group stage,3,Wed,2006-06-21,21:00 (04:00),Côte d'Ivoire,3–2,S & M,66000,Allianz Arena (Neutral Site),,/en/matches/18b3f04e/Cote-dIvoire-Serbia-and-Montenegro-June-21-2006-World-Cup,,18b3f04e
INT-World Cup,2006,2006-06-21 IR Iran-Angola,Group stage,3,Wed,2006-06-21,16:00 (23:00),IR Iran,1–1,Angola,38000,Red Bull Arena (Neutral Site),,/en/matches/365e8884/IR-Iran-Angola-June-21-2006-World-Cup,,365e8884
INT-World Cup,2006,2006-06-21 Netherlands-Argentina,Group stage,3,Wed,2006-06-21,21:00 (04:00),Netherlands,0–0,Argentina,48000,Commerzbank-Arena (Neutral Site),,/en/matches/32c8220f/Netherlands-Argentina-June-21-2006-World-Cup,,32c8220f
INT-World Cup,2006,2006-06-21 Portugal-Mexico,Group stage,3,Wed,2006-06-21,16:00 (23:00),Portugal,2–1,Mexico,52000,Veltins-Arena (Neutral Site),,/en/matches/01a1c584/Portugal-Mexico-June-21-2006-World-Cup,,01a1c584
INT-World Cup,2006,2006-06-22 Croatia-Australia,Group stage,3,Thu,2006-06-22,21:00 (04:00),Croatia,2–2,Australia,52000,Mercedes-Benz Arena (Neutral Site),,/en/matches/e9c48b0d/Croatia-Australia-June-22-2006-World-Cup,,e9c48b0d
INT-World Cup,2006,2006-06-22 Czechia-Italy,Group stage,3,Thu,2006-06-22,16:00 (23:00),Czechia,0–2,Italy,50000,Volksparkstadion (Neutral Site),,/en/matches/c97adeec/Czechia-Italy-June-22-2006-World-Cup,,c97adeec
INT-World Cup,2006,2006-06-22 Ghana-United States,Group stage,3,Thu,2006-06-22,16:00 (23:00),Ghana,2–1,United States,41000,Max-Morlock-Stadion (Neutral Site),,/en/matches/9b66ce45/Ghana-United-States-June-22-2006-World-Cup,,9b66ce45
INT-World Cup,2006,2006-06-22 Japan-Brazil,Group stage,3,Thu,2006-06-22,21:00 (04:00),Japan,1–4,Brazil,65000,Signal Iduna Park (Neutral Site),,/en/matches/65dfb38a/Japan-Brazil-June-22-2006-World-Cup,,65dfb38a
INT-World Cup,2006,2006-06-23 Saudi Arabia-Spain,Group stage,3,Fri,2006-06-23,16:00 (23:00),Saudi Arabia,0–1,Spain,46000,Fritz-Walter-Stadion (Neutral Site),,/en/matches/3bf5b928/Saudi-Arabia-Spain-June-23-2006-World-Cup,,3bf5b928
INT-World Cup,2006,2006-06-23 Switzerland-Korea Republic,Group stage,3,Fri,2006-06-23,21:00 (04:00),Switzerland,2–0,Korea Republic,43000,HDI-Arena (Neutral Site),,/en/matches/312b653e/Switzerland-Korea-Republic-June-23-2006-World-Cup,,312b653e
INT-World Cup,2006,2006-06-23 Togo-France,Group stage,3,Fri,2006-06-23,21:00 (04:00),Togo,0–2,France,45000,RheinEnergieSTADION (Neutral Site),,/en/matches/7cfbc65c/Togo-France-June-23-2006-World-Cup,,7cfbc65c
INT-World Cup,2006,2006-06-23 Ukraine-Tunisia,Group stage,3,Fri,2006-06-23,16:00 (23:00),Ukraine,1–0,Tunisia,72000,Olympiastadion Berlin (Neutral Site),,/en/matches/99db50b0/Ukraine-Tunisia-June-23-2006-World-Cup,,99db50b0
INT-World Cup,2006,2006-06-24 Argentina-Mexico,Round of 16,,Sat,2006-06-24,21:00 (04:00),Argentina,2–1,Mexico,43000,Red Bull Arena (Neutral Site),,/en/matches/01d640b3/Argentina-Mexico-June-24-2006-World-Cup,Required Extra Time,01d640b3
INT-World Cup,2006,2006-06-24 Germany-Sweden,Round of 16,,Sat,2006-06-24,17:00 (00:00),Germany,2–0,Sweden,66000,Allianz Arena (Neutral Site),,/en/matches/164afdc4/Germany-Sweden-June-24-2006-World-Cup,,164afdc4
INT-World Cup,2006,2006-06-25 England-Ecuador,Round of 16,,Sun,2006-06-25,17:00 (00:00),England,1–0,Ecuador,52000,Mercedes-Benz Arena (Neutral Site),,/en/matches/d8e904b8/England-Ecuador-June-25-2006-World-Cup,,d8e904b8
INT-World Cup,2006,2006-06-25 Portugal-Netherlands,Round of 16,,Sun,2006-06-25,21:00 (04:00),Portugal,1–0,Netherlands,41000,Max-Morlock-Stadion (Neutral Site),,/en/matches/ea68f64a/Portugal-Netherlands-June-25-2006-World-Cup,,ea68f64a
INT-World Cup,2006,2006-06-26 Italy-Australia,Round of 16,,Mon,2006-06-26,17:00 (00:00),Italy,1–0,Australia,46000,Fritz-Walter-Stadion (Neutral Site),,/en/matches/30545a1e/Italy-Australia-June-26-2006-World-Cup,,30545a1e
INT-World Cup,2006,2006-06-26 Switzerland-Ukraine,Round of 16,,Mon,2006-06-26,21:00 (04:00),Switzerland,(0) 0–0 (3),Ukraine,45000,RheinEnergieSTADION (Neutral Site),,/en/matches/902dc733/Switzerland-Ukraine-June-26-2006-World-Cup,Ukraine won on penalty kicks following extra time,902dc733
INT-World Cup,2006,2006-06-27 Brazil-Ghana,Round of 16,,Tue,2006-06-27,17:00 (00:00),Brazil,3–0,Ghana,65000,Signal Iduna Park (Neutral Site),,/en/matches/39be6a74/Brazil-Ghana-June-27-2006-World-Cup,,39be6a74
INT-World Cup,2006,2006-06-27 Spain-France,Round of 16,,Tue,2006-06-27,21:00 (04:00),Spain,1–3,France,43000,HDI-Arena (Neutral Site),,/en/matches/adc1ba14/Spain-France-June-27-2006-World-Cup,,adc1ba14
INT-World Cup,2006,2006-06-30 Germany-Argentina,Quarter-finals,,Fri,2006-06-30,17:00 (00:00),Germany,(4) 1–1 (2),Argentina,72000,Olympiastadion Berlin (Neutral Site),,/en/matches/0fa993fe/Germany-Argentina-June-30-2006-World-Cup,Germany won on penalty kicks following extra time,0fa993fe
INT-World Cup,2006,2006-06-30 Italy-Ukraine,Quarter-finals,,Fri,2006-06-30,21:00 (04:00),Italy,3–0,Ukraine,50000,Volksparkstadion (Neutral Site),,/en/matches/33852757/Italy-Ukraine-June-30-2006-World-Cup,,33852757
INT-World Cup,2006,2006-07-01 Brazil-France,Quarter-finals,,Sat,2006-07-01,21:00 (04:00),Brazil,0–1,France,48000,Commerzbank-Arena (Neutral Site),,/en/matches/22faeb2b/Brazil-France-July-1-2006-World-Cup,,22faeb2b
INT-World Cup,2006,2006-07-01 England-Portugal,Quarter-finals,,Sat,2006-07-01,17:00 (00:00),England,(1) 0–0 (3),Portugal,52000,Veltins-Arena (Neutral Site),,/en/matches/356af806/England-Portugal-July-1-2006-World-Cup,Portugal won on penalty kicks following extra time,356af806
INT-World Cup,2006,2006-07-04 Germany-Italy,Semi-finals,,Tue,2006-07-04,21:00 (04:00),Germany,0–2,Italy,65000,Signal Iduna Park (Neutral Site),,/en/matches/14c26310/Germany-Italy-July-4-2006-World-Cup,Required Extra Time,14c26310
INT-World Cup,2006,2006-07-05 Portugal-France,Semi-finals,,Wed,2006-07-05,21:00 (04:00),Portugal,0–1,France,66000,Allianz Arena (Neutral Site),,/en/matches/a9dc2624/Portugal-France-July-5-2006-World-Cup,,a9dc2624
INT-World Cup,2006,2006-07-08 Germany-Portugal,Third-place match,,Sat,2006-07-08,21:00 (04:00),Germany,3–1,Portugal,52000,Mercedes-Benz Arena (Neutral Site),,/en/matches/56bab3b8/Germany-Portugal-July-8-2006-World-Cup,,56bab3b8
INT-World Cup,2006,2006-07-09 Italy-France,Final,,Sun,2006-07-09,20:00 (03:00),Italy,(5) 1–1 (3),France,69000,Olympiastadion Berlin (Neutral Site),,/en/matches/60cb7adc/Italy-France-July-9-2006-World-Cup,Italy won on penalty kicks following extra time,60cb7adc
INT-World Cup,2010,2010-06-11 South Africa-Mexico,Group stage,1,Fri,2010-06-11,16:00 (23:00),South Africa,1–1,Mexico,84490,Soccer City (Neutral Site),,/en/matches/8746b4ed/South-Africa-Mexico-June-11-2010-World-Cup,,8746b4ed
INT-World Cup,2010,2010-06-11 Uruguay-France,Group stage,1,Fri,2010-06-11,20:30 (03:30),Uruguay,0–0,France,64100,Cape Town Stadium (Neutral Site),,/en/matches/95ff6ee4/Uruguay-France-June-11-2010-World-Cup,,95ff6ee4
INT-World Cup,2010,2010-06-12 Argentina-Nigeria,Group stage,1,Sat,2010-06-12,16:00 (23:00),Argentina,1–0,Nigeria,55686,Emirates Airline Park (Neutral Site),,/en/matches/bbf5aa8a/Argentina-Nigeria-June-12-2010-World-Cup,,bbf5aa8a
INT-World Cup,2010,2010-06-12 England-United States,Group stage,1,Sat,2010-06-12,20:30 (03:30),England,1–1,United States,38646,Royal Bafokeng Stadium (Neutral Site),,/en/matches/8342135f/England-United-States-June-12-2010-World-Cup,,8342135f
INT-World Cup,2010,2010-06-12 Korea Republic-Greece,Group stage,1,Sat,2010-06-12,13:30 (20:30),Korea Republic,2–0,Greece,31513,Nelson Mandela Bay Stadium (Neutral Site),,/en/matches/c3f71b02/Korea-Republic-Greece-June-12-2010-World-Cup,,c3f71b02
INT-World Cup,2010,2010-06-13 Algeria-Slovenia,Group stage,1,Sun,2010-06-13,13:30 (20:30),Algeria,0–1,Slovenia,30325,Peter Mokaba Stadium (Neutral Site),,/en/matches/60a0db2e/Algeria-Slovenia-June-13-2010-World-Cup,,60a0db2e
INT-World Cup,2010,2010-06-13 Germany-Australia,Group stage,1,Sun,2010-06-13,20:30 (03:30),Germany,4–0,Australia,62660,Moses Mabhida Stadium (Neutral Site),,/en/matches/5290d03a/Germany-Australia-June-13-2010-World-Cup,,5290d03a
INT-World Cup,2010,2010-06-13 Serbia-Ghana,Group stage,1,Sun,2010-06-13,16:00 (23:00),Serbia,0–1,Ghana,38833,Loftus Versfeld Stadium (Neutral Site),,/en/matches/a18697ef/Serbia-Ghana-June-13-2010-World-Cup,,a18697ef
INT-World Cup,2010,2010-06-14 Italy-Paraguay,Group stage,1,Mon,2010-06-14,20:30 (03:30),Italy,1–1,Paraguay,62869,Cape Town Stadium (Neutral Site),,/en/matches/d58bac17/Italy-Paraguay-June-14-2010-World-Cup,,d58bac17
INT-World Cup,2010,2010-06-14 Japan-Cameroon,Group stage,1,Mon,2010-06-14,16:00 (23:00),Japan,1–0,Cameroon,30620,Toyota Stadium (Neutral Site),,/en/matches/c397cc01/Japan-Cameroon-June-14-2010-World-Cup,,c397cc01
INT-World Cup,2010,2010-06-14 Netherlands-Denmark,Group stage,1,Mon,2010-06-14,13:30 (20:30),Netherlands,2–0,Denmark,83465,Soccer City (Neutral Site),,/en/matches/7109074a/Netherlands-Denmark-June-14-2010-World-Cup,,7109074a
INT-World Cup,2010,2010-06-15 Brazil-Korea DPR,Group stage,1,Tue,2010-06-15,20:30 (03:30),Brazil,2–1,Korea DPR,54331,Emirates Airline Park (Neutral Site),,/en/matches/37c28fe8/Brazil-Korea-DPR-June-15-2010-World-Cup,,37c28fe8
INT-World Cup,2010,2010-06-15 Côte d'Ivoire-Portugal,Group stage,1,Tue,2010-06-15,16:00 (23:00),Côte d'Ivoire,0–0,Portugal,37034,Nelson Mandela Bay Stadium (Neutral Site),,/en/matches/e767ca24/Cote-dIvoire-Portugal-June-15-2010-World-Cup,,e767ca24
INT-World Cup,2010,2010-06-15 New Zealand-Slovakia,Group stage,1,Tue,2010-06-15,13:30 (20:30),New Zealand,1–1,Slovakia,23871,Royal Bafokeng Stadium (Neutral Site),,/en/matches/6aded3f2/New-Zealand-Slovakia-June-15-2010-World-Cup,,6aded3f2
INT-World Cup,2010,2010-06-16 Honduras-Chile,Group stage,1,Wed,2010-06-16,13:30 (20:30),Honduras,0–1,Chile,32664,Mbombela Stadium (Neutral Site),,/en/matches/1e13a414/Honduras-Chile-June-16-2010-World-Cup,,1e13a414
INT-World Cup,2010,2010-06-16 South Africa-Uruguay,Group stage,2,Wed,2010-06-16,20:30 (03:30),South Africa,0–3,Uruguay,42658,Loftus Versfeld Stadium (Neutral Site),,/en/matches/1f5e149c/South-Africa-Uruguay-June-16-2010-World-Cup,,1f5e149c
INT-World Cup,2010,2010-06-16 Spain-Switzerland,Group stage,1,Wed,2010-06-16,16:00 (23:00),Spain,0–1,Switzerland,62453,Moses Mabhida Stadium (Neutral Site),,/en/matches/ee27f2d6/Spain-Switzerland-June-16-2010-World-Cup,,ee27f2d6
INT-World Cup,2010,2010-06-17 Argentina-Korea Republic,Group stage,2,Thu,2010-06-17,13:30 (20:30),Argentina,4–1,Korea Republic,82174,Soccer City (Neutral Site),,/en/matches/e4380fff/Argentina-Korea-Republic-June-17-2010-World-Cup,,e4380fff
INT-World Cup,2010,2010-06-17 France-Mexico,Group stage,2,Thu,2010-06-17,20:30 (03:30),France,0–2,Mexico,35370,Peter Mokaba Stadium (Neutral Site),,/en/matches/54143638/France-Mexico-June-17-2010-World-Cup,,54143638
INT-World Cup,2010,2010-06-17 Greece-Nigeria,Group stage,2,Thu,2010-06-17,16:00 (23:00),Greece,2–1,Nigeria,31593,Toyota Stadium (Neutral Site),,/en/matches/63434e3e/Greece-Nigeria-June-17-2010-World-Cup,,63434e3e
INT-World Cup,2010,2010-06-18 England-Algeria,Group stage,2,Fri,2010-06-18,20:30 (03:30),England,0–0,Algeria,64100,Cape Town Stadium (Neutral Site),,/en/matches/4201c168/England-Algeria-June-18-2010-World-Cup,,4201c168
INT-World Cup,2010,2010-06-18 Germany-Serbia,Group stage,2,Fri,2010-06-18,13:30 (20:30),Germany,0–1,Serbia,38294,Nelson Mandela Bay Stadium (Neutral Site),,/en/matches/d3771d0e/Germany-Serbia-June-18-2010-World-Cup,,d3771d0e
INT-World Cup,2010,2010-06-18 Slovenia-United States,Group stage,2,Fri,2010-06-18,16:00 (23:00),Slovenia,2–2,United States,45573,Emirates Airline Park (Neutral Site),,/en/matches/82613a26/Slovenia-United-States-June-18-2010-World-Cup,,82613a26
INT-World Cup,2010,2010-06-19 Cameroon-Denmark,Group stage,2,Sat,2010-06-19,20:30 (03:30),Cameroon,1–2,Denmark,38074,Loftus Versfeld Stadium (Neutral Site),,/en/matches/2b70a1fc/Cameroon-Denmark-June-19-2010-World-Cup,,2b70a1fc
INT-World Cup,2010,2010-06-19 Ghana-Australia,Group stage,2,Sat,2010-06-19,16:00 (23:00),Ghana,1–1,Australia,34812,Royal Bafokeng Stadium (Neutral Site),,/en/matches/96816aec/Ghana-Australia-June-19-2010-World-Cup,,96816aec
INT-World Cup,2010,2010-06-19 Netherlands-Japan,Group stage,2,Sat,2010-06-19,13:30 (20:30),Netherlands,1–0,Japan,62010,Moses Mabhida Stadium (Neutral Site),,/en/matches/94e1d20f/Netherlands-Japan-June-19-2010-World-Cup,,94e1d20f
INT-World Cup,2010,2010-06-20 Brazil-Côte d'Ivoire,Group stage,2,Sun,2010-06-20,20:30 (03:30),Brazil,3–1,Côte d'Ivoire,84455,Soccer City (Neutral Site),,/en/matches/0bed4493/Brazil-Cote-dIvoire-June-20-2010-World-Cup,,0bed4493
INT-World Cup,2010,2010-06-20 Italy-New Zealand,Group stage,2,Sun,2010-06-20,16:00 (23:00),Italy,1–1,New Zealand,38229,Mbombela Stadium (Neutral Site),,/en/matches/857d8007/Italy-New-Zealand-June-20-2010-World-Cup,,857d8007
INT-World Cup,2010,2010-06-20 Slovakia-Paraguay,Group stage,2,Sun,2010-06-20,13:30 (20:30),Slovakia,0–2,Paraguay,26643,Toyota Stadium (Neutral Site),,/en/matches/c8d34290/Slovakia-Paraguay-June-20-2010-World-Cup,,c8d34290
INT-World Cup,2010,2010-06-21 Chile-Switzerland,Group stage,2,Mon,2010-06-21,16:00 (23:00),Chile,1–0,Switzerland,34872,Nelson Mandela Bay Stadium (Neutral Site),,/en/matches/a58d1b6e/Chile-Switzerland-June-21-2010-World-Cup,,a58d1b6e
INT-World Cup,2010,2010-06-21 Portugal-Korea DPR,Group stage,2,Mon,2010-06-21,13:30 (20:30),Portugal,7–0,Korea DPR,63644,Cape Town Stadium (Neutral Site),,/en/matches/962fecdc/Portugal-Korea-DPR-June-21-2010-World-Cup,,962fecdc
INT-World Cup,2010,2010-06-21 Spain-Honduras,Group stage,2,Mon,2010-06-21,20:30 (03:30),Spain,2–0,Honduras,54386,Emirates Airline Park (Neutral Site),,/en/matches/3c50454e/Spain-Honduras-June-21-2010-World-Cup,,3c50454e
INT-World Cup,2010,2010-06-22 France-South Africa,Group stage,3,Tue,2010-06-22,16:00 (23:00),France,1–2,South Africa,39415,Toyota Stadium (Neutral Site),,/en/matches/45967b1f/France-South-Africa-June-22-2010-World-Cup,,45967b1f
INT-World Cup,2010,2010-06-22 Greece-Argentina,Group stage,3,Tue,2010-06-22,20:30 (03:30),Greece,0–2,Argentina,38891,Peter Mokaba Stadium (Neutral Site),,/en/matches/4252e48b/Greece-Argentina-June-22-2010-World-Cup,,4252e48b
INT-World Cup,2010,2010-06-22 Mexico-Uruguay,Group stage,3,Tue,2010-06-22,16:00 (23:00),Mexico,0–1,Uruguay,33425,Royal Bafokeng Stadium (Neutral Site),,/en/matches/8d4255de/Mexico-Uruguay-June-22-2010-World-Cup,,8d4255de
INT-World Cup,2010,2010-06-22 Nigeria-Korea Republic,Group stage,3,Tue,2010-06-22,20:30 (03:30),Nigeria,2–2,Korea Republic,61874,Moses Mabhida Stadium (Neutral Site),,/en/matches/ea3fd048/Nigeria-Korea-Republic-June-22-2010-World-Cup,,ea3fd048
INT-World Cup,2010,2010-06-23 Australia-Serbia,Group stage,3,Wed,2010-06-23,20:30 (03:30),Australia,2–1,Serbia,37836,Mbombela Stadium (Neutral Site),,/en/matches/d51ec74d/Australia-Serbia-June-23-2010-World-Cup,,d51ec74d
INT-World Cup,2010,2010-06-23 Ghana-Germany,Group stage,3,Wed,2010-06-23,20:30 (03:30),Ghana,0–1,Germany,83391,Soccer City (Neutral Site),,/en/matches/f527754b/Ghana-Germany-June-23-2010-World-Cup,,f527754b
INT-World Cup,2010,2010-06-23 Slovenia-England,Group stage,3,Wed,2010-06-23,16:00 (23:00),Slovenia,0–1,England,36893,Nelson Mandela Bay Stadium (Neutral Site),,/en/matches/ef32e47f/Slovenia-England-June-23-2010-World-Cup,,ef32e47f
INT-World Cup,2010,2010-06-23 United States-Algeria,Group stage,3,Wed,2010-06-23,16:00 (23:00),United States,1–0,Algeria,35827,Loftus Versfeld Stadium (Neutral Site),,/en/matches/6bb0219a/United-States-Algeria-June-23-2010-World-Cup,,6bb0219a
INT-World Cup,2010,2010-06-24 Cameroon-Netherlands,Group stage,3,Thu,2010-06-24,20:30 (03:30),Cameroon,1–2,Netherlands,63093,Cape Town Stadium (Neutral Site),,/en/matches/3f1b44f5/Cameroon-Netherlands-June-24-2010-World-Cup,,3f1b44f5
INT-World Cup,2010,2010-06-24 Denmark-Japan,Group stage,3,Thu,2010-06-24,20:30 (03:30),Denmark,1–3,Japan,27967,Royal Bafokeng Stadium (Neutral Site),,/en/matches/7914ff74/Denmark-Japan-June-24-2010-World-Cup,,7914ff74
INT-World Cup,2010,2010-06-24 Paraguay-New Zealand,Group stage,3,Thu,2010-06-24,16:00 (23:00),Paraguay,0–0,New Zealand,34850,Peter Mokaba Stadium (Neutral Site),,/en/matches/6fd17d24/Paraguay-New-Zealand-June-24-2010-World-Cup,,6fd17d24
INT-World Cup,2010,2010-06-24 Slovakia-Italy,Group stage,3,Thu,2010-06-24,16:00 (23:00),Slovakia,3–2,Italy,53412,Emirates Airline Park (Neutral Site),,/en/matches/51143cbc/Slovakia-Italy-June-24-2010-World-Cup,,51143cbc
INT-World Cup,2010,2010-06-25 Chile-Spain,Group stage,3,Fri,2010-06-25,20:30 (03:30),Chile,1–2,Spain,41958,Loftus Versfeld Stadium (Neutral Site),,/en/matches/52fdcee5/Chile-Spain-June-25-2010-World-Cup,,52fdcee5
INT-World Cup,2010,2010-06-25 Korea DPR-Côte d'Ivoire,Group stage,3,Fri,2010-06-25,16:00 (23:00),Korea DPR,0–3,Côte d'Ivoire,34763,Mbombela Stadium (Neutral Site),,/en/matches/c67094bc/Korea-DPR-Cote-dIvoire-June-25-2010-World-Cup,,c67094bc
INT-World Cup,2010,2010-06-25 Portugal-Brazil,Group stage,3,Fri,2010-06-25,16:00 (23:00),Portugal,0–0,Brazil,62712,Moses Mabhida Stadium (Neutral Site),,/en/matches/9b96ad8b/Portugal-Brazil-June-25-2010-World-Cup,,9b96ad8b
INT-World Cup,2010,2010-06-25 Switzerland-Honduras,Group stage,3,Fri,2010-06-25,20:30 (03:30),Switzerland,0–0,Honduras,28042,Toyota Stadium (Neutral Site),,/en/matches/39282932/Switzerland-Honduras-June-25-2010-World-Cup,,39282932
INT-World Cup,2010,2010-06-26 United States-Ghana,Round of 16,,Sat,2010-06-26,20:30 (03:30),United States,1–2,Ghana,34976,Royal Bafokeng Stadium (Neutral Site),,/en/matches/48dc7463/United-States-Ghana-June-26-2010-World-Cup,Required Extra Time,48dc7463
INT-World Cup,2010,2010-06-26 Uruguay-Korea Republic,Round of 16,,Sat,2010-06-26,16:00 (23:00),Uruguay,2–1,Korea Republic,30597,Nelson Mandela Bay Stadium (Neutral Site),,/en/matches/19c92159/Uruguay-Korea-Republic-June-26-2010-World-Cup,,19c92159
INT-World Cup,2010,2010-06-27 Argentina-Mexico,Round of 16,,Sun,2010-06-27,20:30 (03:30),Argentina,3–1,Mexico,84377,Soccer City (Neutral Site),,/en/matches/4530d7a9/Argentina-Mexico-June-27-2010-World-Cup,,4530d7a9
INT-World Cup,2010,2010-06-27 Germany-England,Round of 16,,Sun,2010-06-27,16:00 (23:00),Germany,4–1,England,40510,Toyota Stadium (Neutral Site),,/en/matches/551c69c5/Germany-England-June-27-2010-World-Cup,,551c69c5
INT-World Cup,2010,2010-06-28 Brazil-Chile,Round of 16,,Mon,2010-06-28,20:30 (03:30),Brazil,3–0,Chile,54096,Emirates Airline Park (Neutral Site),,/en/matches/9f59cddd/Brazil-Chile-June-28-2010-World-Cup,,9f59cddd
INT-World Cup,2010,2010-06-28 Netherlands-Slovakia,Round of 16,,Mon,2010-06-28,16:00 (23:00),Netherlands,2–1,Slovakia,61962,Moses Mabhida Stadium (Neutral Site),,/en/matches/1a9bb075/Netherlands-Slovakia-June-28-2010-World-Cup,,1a9bb075
INT-World Cup,2010,2010-06-29 Paraguay-Japan,Round of 16,,Tue,2010-06-29,16:00 (23:00),Paraguay,(5) 0–0 (3),Japan,36742,Loftus Versfeld Stadium (Neutral Site),,/en/matches/7b76869e/Paraguay-Japan-June-29-2010-World-Cup,Paraguay won on penalty kicks following extra time,7b76869e
INT-World Cup,2010,2010-06-29 Spain-Portugal,Round of 16,,Tue,2010-06-29,20:30 (03:30),Spain,1–0,Portugal,62955,Cape Town Stadium (Neutral Site),,/en/matches/89c94555/Spain-Portugal-June-29-2010-World-Cup,,89c94555
INT-World Cup,2010,2010-07-02 Netherlands-Brazil,Quarter-finals,,Fri,2010-07-02,16:00 (23:00),Netherlands,2–1,Brazil,40186,Nelson Mandela Bay Stadium (Neutral Site),,/en/matches/987ad6dd/Netherlands-Brazil-July-2-2010-World-Cup,,987ad6dd
INT-World Cup,2010,2010-07-02 Uruguay-Ghana,Quarter-finals,,Fri,2010-07-02,20:30 (03:30),Uruguay,(4) 1–1 (2),Ghana,84017,Soccer City (Neutral Site),,/en/matches/f64f7da2/Uruguay-Ghana-July-2-2010-World-Cup,Uruguay won on penalty kicks following extra time,f64f7da2
INT-World Cup,2010,2010-07-03 Argentina-Germany,Quarter-finals,,Sat,2010-07-03,16:00 (23:00),Argentina,0–4,Germany,64100,Cape Town Stadium (Neutral Site),,/en/matches/cf9d0a2a/Argentina-Germany-July-3-2010-World-Cup,,cf9d0a2a
INT-World Cup,2010,2010-07-03 Paraguay-Spain,Quarter-finals,,Sat,2010-07-03,20:30 (03:30),Paraguay,0–1,Spain,55359,Emirates Airline Park (Neutral Site),,/en/matches/b06a548e/Paraguay-Spain-July-3-2010-World-Cup,,b06a548e
INT-World Cup,2010,2010-07-06 Uruguay-Netherlands,Semi-finals,,Tue,2010-07-06,20:30 (03:30),Uruguay,2–3,Netherlands,62479,Cape Town Stadium (Neutral Site),,/en/matches/74825640/Uruguay-Netherlands-July-6-2010-World-Cup,,74825640
INT-World Cup,2010,2010-07-07 Germany-Spain,Semi-finals,,Wed,2010-07-07,20:30 (03:30),Germany,0–1,Spain,60960,Moses Mabhida Stadium (Neutral Site),,/en/matches/76d2f623/Germany-Spain-July-7-2010-World-Cup,,76d2f623
INT-World Cup,2010,2010-07-10 Uruguay-Germany,Third-place match,,Sat,2010-07-10,20:30 (03:30),Uruguay,2–3,Germany,36254,Nelson Mandela Bay Stadium (Neutral Site),,/en/matches/0468785c/Uruguay-Germany-July-10-2010-World-Cup,,0468785c
INT-World Cup,2010,2010-07-11 Netherlands-Spain,Final,,Sun,2010-07-11,20:30 (03:30),Netherlands,0–1,Spain,84490,Soccer City (Neutral Site),Howard Webb,/en/matches/6e744544/Netherlands-Spain-July-11-2010-World-Cup,Required Extra Time,6e744544
INT-World Cup,2014,2014-06-12 Brazil-Croatia,Group stage,1,Thu,2014-06-12,17:00 (05:00),Brazil,3–1,Croatia,62103,Arena Corinthians (Neutral Site),Yuichi Nishimura,/en/matches/0a93d0e2/Brazil-Croatia-June-12-2014-World-Cup,,0a93d0e2
INT-World Cup,2014,2014-06-13 Chile-Australia,Group stage,1,Fri,2014-06-13,18:00 (07:00),Chile,3–1,Australia,40275,Arena Pantanal (Neutral Site),Noumandiez Doué,/en/matches/91edb9db/Chile-Australia-June-13-2014-World-Cup,,91edb9db
INT-World Cup,2014,2014-06-13 Mexico-Cameroon,Group stage,1,Fri,2014-06-13,13:00 (01:00),Mexico,1–0,Cameroon,39216,Arena das Dunas (Neutral Site),Wilmar Roldán,/en/matches/1e731368/Mexico-Cameroon-June-13-2014-World-Cup,,1e731368
INT-World Cup,2014,2014-06-13 Spain-Netherlands,Group stage,1,Fri,2014-06-13,16:00 (04:00),Spain,1–5,Netherlands,48173,Itaipava Arena Fonte Nova (Neutral Site),Nicola Rizzoli,/en/matches/df94a7ed/Spain-Netherlands-June-13-2014-World-Cup,,df94a7ed
INT-World Cup,2014,2014-06-14 Colombia-Greece,Group stage,1,Sat,2014-06-14,13:00 (01:00),Colombia,3–0,Greece,57174,Estádio Governador Magalhães Pinto (Neutral Site),Mark Geiger,/en/matches/2ed82ce3/Colombia-Greece-June-14-2014-World-Cup,,2ed82ce3
INT-World Cup,2014,2014-06-14 Côte d'Ivoire-Japan,Group stage,1,Sat,2014-06-14,22:00 (10:00),Côte d'Ivoire,2–1,Japan,40267,Itaipava Arena Pernambuco (Neutral Site),Enrique Osses,/en/matches/00fc135e/Cote-dIvoire-Japan-June-14-2014-World-Cup,,00fc135e
INT-World Cup,2014,2014-06-14 England-Italy,Group stage,1,Sat,2014-06-14,18:00 (07:00),England,1–2,Italy,39800,Arena da Amazônia (Neutral Site),Björn Kuipers,/en/matches/0d888670/England-Italy-June-14-2014-World-Cup,,0d888670
INT-World Cup,2014,2014-06-14 Uruguay-Costa Rica,Group stage,1,Sat,2014-06-14,16:00 (04:00),Uruguay,1–3,Costa Rica,58679,Estádio Castelão (Neutral Site),Felix Brych,/en/matches/6e542c56/Uruguay-Costa-Rica-June-14-2014-World-Cup,,6e542c56
INT-World Cup,2014,2014-06-15 Argentina-Bosnia & Herz.,Group stage,1,Sun,2014-06-15,19:00 (07:00),Argentina,2–1,Bosnia & Herz.,74738,Estadio Jornalista Mário Filho (Neutral Site),Joel Aguilar,/en/matches/72d2c50a/Argentina-Bosnia-and-Herzegovina-June-15-2014-World-Cup,,72d2c50a
INT-World Cup,2014,2014-06-15 France-Honduras,Group stage,1,Sun,2014-06-15,16:00 (04:00),France,3–0,Honduras,43012,Estádio José Pinheiro Borba (Neutral Site),Sandro Ricci,/en/matches/cd1fb2ca/France-Honduras-June-15-2014-World-Cup,,cd1fb2ca
INT-World Cup,2014,2014-06-15 Switzerland-Ecuador,Group stage,1,Sun,2014-06-15,13:00 (01:00),Switzerland,2–1,Ecuador,68351,Estádio Nacional de Brasília (Neutral Site),Ravshan Irmatov,/en/matches/198210f9/Switzerland-Ecuador-June-15-2014-World-Cup,,198210f9
INT-World Cup,2014,2014-06-16 Germany-Portugal,Group stage,1,Mon,2014-06-16,13:00 (01:00),Germany,4–0,Portugal,51081,Itaipava Arena Fonte Nova (Neutral Site),Milorad Mažić,/en/matches/87a62789/Germany-Portugal-June-16-2014-World-Cup,,87a62789
INT-World Cup,2014,2014-06-16 Ghana-United States,Group stage,1,Mon,2014-06-16,19:00 (07:00),Ghana,1–2,United States,39760,Arena das Dunas (Neutral Site),Jonas Eriksson,/en/matches/cea329b8/Ghana-United-States-June-16-2014-World-Cup,,cea329b8
INT-World Cup,2014,2014-06-16 IR Iran-Nigeria,Group stage,1,Mon,2014-06-16,16:00 (04:00),IR Iran,0–0,Nigeria,39081,Estádio Joaquim Américo Guimarães (Neutral Site),Carlos Vera,/en/matches/7569c36b/IR-Iran-Nigeria-June-16-2014-World-Cup,,7569c36b
INT-World Cup,2014,2014-06-17 Belgium-Algeria,Group stage,1,Tue,2014-06-17,13:00 (01:00),Belgium,2–1,Algeria,56800,Estádio Governador Magalhães Pinto (Neutral Site),Marcos Rodriguez,/en/matches/1569fa2c/Belgium-Algeria-June-17-2014-World-Cup,,1569fa2c
INT-World Cup,2014,2014-06-17 Brazil-Mexico,Group stage,2,Tue,2014-06-17,16:00 (04:00),Brazil,0–0,Mexico,60342,Estádio Castelão (Neutral Site),Cüneyt Çakιr,/en/matches/4f72e404/Brazil-Mexico-June-17-2014-World-Cup,,4f72e404
INT-World Cup,2014,2014-06-17 Russia-Korea Republic,Group stage,1,Tue,2014-06-17,18:00 (07:00),Russia,1–1,Korea Republic,37603,Arena Pantanal (Neutral Site),Néstor Pitana,/en/matches/1159edc5/Russia-Korea-Republic-June-17-2014-World-Cup,,1159edc5
INT-World Cup,2014,2014-06-18 Australia-Netherlands,Group stage,2,Wed,2014-06-18,13:00 (01:00),Australia,2–3,Netherlands,42877,Estádio José Pinheiro Borba (Neutral Site),Djamel Haïmoudi,/en/matches/0e90edea/Australia-Netherlands-June-18-2014-World-Cup,,0e90edea
INT-World Cup,2014,2014-06-18 Cameroon-Croatia,Group stage,2,Wed,2014-06-18,18:00 (07:00),Cameroon,0–4,Croatia,39982,Arena da Amazônia (Neutral Site),Pedro Proença,/en/matches/c3d6cd40/Cameroon-Croatia-June-18-2014-World-Cup,,c3d6cd40
INT-World Cup,2014,2014-06-18 Spain-Chile,Group stage,2,Wed,2014-06-18,16:00 (04:00),Spain,0–2,Chile,74101,Estadio Jornalista Mário Filho (Neutral Site),Mark Geiger,/en/matches/ee4a9150/Spain-Chile-June-18-2014-World-Cup,,ee4a9150
INT-World Cup,2014,2014-06-19 Colombia-Côte d'Ivoire,Group stage,2,Thu,2014-06-19,13:00 (01:00),Colombia,2–1,Côte d'Ivoire,68748,Estádio Nacional de Brasília (Neutral Site),Howard Webb,/en/matches/dc886814/Colombia-Cote-dIvoire-June-19-2014-World-Cup,,dc886814
INT-World Cup,2014,2014-06-19 Japan-Greece,Group stage,2,Thu,2014-06-19,19:00 (07:00),Japan,0–0,Greece,39485,Arena das Dunas (Neutral Site),Joel Aguilar,/en/matches/bfbb91ac/Japan-Greece-June-19-2014-World-Cup,,bfbb91ac
INT-World Cup,2014,2014-06-19 Uruguay-England,Group stage,2,Thu,2014-06-19,16:00 (04:00),Uruguay,2–1,England,62575,Arena Corinthians (Neutral Site),Carlos Velasco,/en/matches/6782fb8e/Uruguay-England-June-19-2014-World-Cup,,6782fb8e
INT-World Cup,2014,2014-06-20 Honduras-Ecuador,Group stage,2,Fri,2014-06-20,19:00 (07:00),Honduras,1–2,Ecuador,39224,Estádio Joaquim Américo Guimarães (Neutral Site),Benjamin Williams,/en/matches/28532816/Honduras-Ecuador-June-20-2014-World-Cup,,28532816
INT-World Cup,2014,2014-06-20 Italy-Costa Rica,Group stage,2,Fri,2014-06-20,13:00 (01:00),Italy,0–1,Costa Rica,40285,Itaipava Arena Pernambuco (Neutral Site),Enrique Osses,/en/matches/c94726d5/Italy-Costa-Rica-June-20-2014-World-Cup,,c94726d5
INT-World Cup,2014,2014-06-20 Switzerland-France,Group stage,2,Fri,2014-06-20,16:00 (04:00),Switzerland,2–5,France,51003,Itaipava Arena Fonte Nova (Neutral Site),Björn Kuipers,/en/matches/3c8afe8e/Switzerland-France-June-20-2014-World-Cup,,3c8afe8e
INT-World Cup,2014,2014-06-21 Argentina-IR Iran,Group stage,2,Sat,2014-06-21,13:00 (01:00),Argentina,1–0,IR Iran,57698,Estádio Governador Magalhães Pinto (Neutral Site),Milorad Mažić,/en/matches/03032261/Argentina-IR-Iran-June-21-2014-World-Cup,,03032261
INT-World Cup,2014,2014-06-21 Germany-Ghana,Group stage,2,Sat,2014-06-21,16:00 (04:00),Germany,2–2,Ghana,59621,Estádio Castelão (Neutral Site),Sandro Ricci,/en/matches/34d954c8/Germany-Ghana-June-21-2014-World-Cup,,34d954c8
INT-World Cup,2014,2014-06-21 Nigeria-Bosnia & Herz.,Group stage,2,Sat,2014-06-21,18:00 (07:00),Nigeria,1–0,Bosnia & Herz.,40499,Arena Pantanal (Neutral Site),Peter O'Leary,/en/matches/05ff2d66/Nigeria-Bosnia-and-Herzegovina-June-21-2014-World-Cup,,05ff2d66
INT-World Cup,2014,2014-06-22 Belgium-Russia,Group stage,2,Sun,2014-06-22,13:00 (01:00),Belgium,1–0,Russia,73819,Estadio Jornalista Mário Filho (Neutral Site),Felix Brych,/en/matches/2860f4f2/Belgium-Russia-June-22-2014-World-Cup,,2860f4f2
INT-World Cup,2014,2014-06-22 Korea Republic-Algeria,Group stage,2,Sun,2014-06-22,16:00 (04:00),Korea Republic,2–4,Algeria,42732,Estádio José Pinheiro Borba (Neutral Site),Wilmar Roldán,/en/matches/21335950/Korea-Republic-Algeria-June-22-2014-World-Cup,,21335950
INT-World Cup,2014,2014-06-22 United States-Portugal,Group stage,2,Sun,2014-06-22,18:00 (07:00),United States,2–2,Portugal,40123,Arena da Amazônia (Neutral Site),Néstor Pitana,/en/matches/a1d62a1c/United-States-Portugal-June-22-2014-World-Cup,,a1d62a1c
INT-World Cup,2014,2014-06-23 Australia-Spain,Group stage,3,Mon,2014-06-23,13:00 (01:00),Australia,0–3,Spain,39375,Estádio Joaquim Américo Guimarães (Neutral Site),Nawaf Shukralla,/en/matches/312c3bd6/Australia-Spain-June-23-2014-World-Cup,,312c3bd6
INT-World Cup,2014,2014-06-23 Cameroon-Brazil,Group stage,3,Mon,2014-06-23,17:00 (05:00),Cameroon,1–4,Brazil,69112,Estádio Nacional de Brasília (Neutral Site),Jonas Eriksson,/en/matches/7b01ab8a/Cameroon-Brazil-June-23-2014-World-Cup,,7b01ab8a
INT-World Cup,2014,2014-06-23 Croatia-Mexico,Group stage,3,Mon,2014-06-23,17:00 (05:00),Croatia,1–3,Mexico,41212,Itaipava Arena Pernambuco (Neutral Site),Ravshan Irmatov,/en/matches/e6dd8890/Croatia-Mexico-June-23-2014-World-Cup,,e6dd8890
INT-World Cup,2014,2014-06-23 Netherlands-Chile,Group stage,3,Mon,2014-06-23,13:00 (01:00),Netherlands,2–0,Chile,62996,Arena Corinthians (Neutral Site),Bakary Papa Gassama,/en/matches/8cb7afe6/Netherlands-Chile-June-23-2014-World-Cup,,8cb7afe6
INT-World Cup,2014,2014-06-24 Costa Rica-England,Group stage,3,Tue,2014-06-24,13:00 (01:00),Costa Rica,0–0,England,57823,Estádio Governador Magalhães Pinto (Neutral Site),Djamel Haïmoudi,/en/matches/3de1b54e/Costa-Rica-England-June-24-2014-World-Cup,,3de1b54e
INT-World Cup,2014,2014-06-24 Greece-Côte d'Ivoire,Group stage,3,Tue,2014-06-24,17:00 (05:00),Greece,2–1,Côte d'Ivoire,59095,Estádio Castelão (Neutral Site),Carlos Vera,/en/matches/09d48d1d/Greece-Cote-dIvoire-June-24-2014-World-Cup,,09d48d1d
INT-World Cup,2014,2014-06-24 Italy-Uruguay,Group stage,3,Tue,2014-06-24,13:00 (01:00),Italy,0–1,Uruguay,39706,Arena das Dunas (Neutral Site),Marco Antonio Rodríguez,/en/matches/2a226ccf/Italy-Uruguay-June-24-2014-World-Cup,,2a226ccf
INT-World Cup,2014,2014-06-24 Japan-Colombia,Group stage,3,Tue,2014-06-24,16:00 (05:00),Japan,1–4,Colombia,40340,Arena Pantanal (Neutral Site),Pedro Proença,/en/matches/02f2939b/Japan-Colombia-June-24-2014-World-Cup,,02f2939b
INT-World Cup,2014,2014-06-25 Bosnia & Herz.-IR Iran,Group stage,3,Wed,2014-06-25,13:00 (01:00),Bosnia & Herz.,3–1,IR Iran,48011,Itaipava Arena Fonte Nova (Neutral Site),Carlos Velasco,/en/matches/baf36bea/Bosnia-and-Herzegovina-IR-Iran-June-25-2014-World-Cup,,baf36bea
INT-World Cup,2014,2014-06-25 Ecuador-France,Group stage,3,Wed,2014-06-25,17:00 (05:00),Ecuador,0–0,France,73749,Estadio Jornalista Mário Filho (Neutral Site),Noumandiez Doué,/en/matches/d799423c/Ecuador-France-June-25-2014-World-Cup,,d799423c
INT-World Cup,2014,2014-06-25 Honduras-Switzerland,Group stage,3,Wed,2014-06-25,16:00 (05:00),Honduras,0–3,Switzerland,40322,Arena da Amazônia (Neutral Site),Néstor Pitana,/en/matches/52eae589/Honduras-Switzerland-June-25-2014-World-Cup,,52eae589
INT-World Cup,2014,2014-06-25 Nigeria-Argentina,Group stage,3,Wed,2014-06-25,13:00 (01:00),Nigeria,2–3,Argentina,43285,Estádio José Pinheiro Borba (Neutral Site),Nicola Rizzoli,/en/matches/eeffe097/Nigeria-Argentina-June-25-2014-World-Cup,,eeffe097
INT-World Cup,2014,2014-06-26 Algeria-Russia,Group stage,3,Thu,2014-06-26,17:00 (05:00),Algeria,1–1,Russia,39311,Estádio Joaquim Américo Guimarães (Neutral Site),Cüneyt Çakιr,/en/matches/43c884ac/Algeria-Russia-June-26-2014-World-Cup,,43c884ac
INT-World Cup,2014,2014-06-26 Korea Republic-Belgium,Group stage,3,Thu,2014-06-26,17:00 (05:00),Korea Republic,0–1,Belgium,61397,Arena Corinthians (Neutral Site),Benjamin Williams,/en/matches/2b7b8d0e/Korea-Republic-Belgium-June-26-2014-World-Cup,,2b7b8d0e
INT-World Cup,2014,2014-06-26 Portugal-Ghana,Group stage,3,Thu,2014-06-26,13:00 (01:00),Portugal,2–1,Ghana,67540,Estádio Nacional de Brasília (Neutral Site),Nawaf Shukralla,/en/matches/17f4fc6b/Portugal-Ghana-June-26-2014-World-Cup,,17f4fc6b
INT-World Cup,2014,2014-06-26 United States-Germany,Group stage,3,Thu,2014-06-26,13:00 (01:00),United States,0–1,Germany,41876,Itaipava Arena Pernambuco (Neutral Site),Ravshan Irmatov,/en/matches/2246ef01/United-States-Germany-June-26-2014-World-Cup,,2246ef01
INT-World Cup,2014,2014-06-28 Brazil-Chile,Round of 16,,Sat,2014-06-28,13:00 (01:00),Brazil,(3) 1–1 (2),Chile,57714,Estádio Governador Magalhães Pinto (Neutral Site),Howard Webb,/en/matches/bf3f5977/Brazil-Chile-June-28-2014-World-Cup,Brazil won on penalty kicks following extra time,bf3f5977
INT-World Cup,2014,2014-06-28 Colombia-Uruguay,Round of 16,,Sat,2014-06-28,17:00 (05:00),Colombia,2–0,Uruguay,73804,Estadio Jornalista Mário Filho (Neutral Site),Björn Kuipers,/en/matches/484eb2ca/Colombia-Uruguay-June-28-2014-World-Cup,,484eb2ca
INT-World Cup,2014,2014-06-29 Costa Rica-Greece,Round of 16,,Sun,2014-06-29,17:00 (05:00),Costa Rica,(5) 1–1 (3),Greece,41242,Itaipava Arena Pernambuco (Neutral Site),Benjamin Williams,/en/matches/67156ef9/Costa-Rica-Greece-June-29-2014-World-Cup,Costa Rica won on penalty kicks following extra time,67156ef9
INT-World Cup,2014,2014-06-29 Netherlands-Mexico,Round of 16,,Sun,2014-06-29,13:00 (01:00),Netherlands,2–1,Mexico,58817,Estádio Castelão (Neutral Site),Pedro Proença,/en/matches/89043154/Netherlands-Mexico-June-29-2014-World-Cup,,89043154
INT-World Cup,2014,2014-06-30 France-Nigeria,Round of 16,,Mon,2014-06-30,13:00 (01:00),France,2–0,Nigeria,67882,Estádio Nacional de Brasília (Neutral Site),Mark Geiger,/en/matches/50163cef/France-Nigeria-June-30-2014-World-Cup,,50163cef
INT-World Cup,2014,2014-06-30 Germany-Algeria,Round of 16,,Mon,2014-06-30,17:00 (05:00),Germany,2–1,Algeria,43063,Estádio José Pinheiro Borba (Neutral Site),Sandro Ricci,/en/matches/fa3a45a3/Germany-Algeria-June-30-2014-World-Cup,Required Extra Time,fa3a45a3
INT-World Cup,2014,2014-07-01 Argentina-Switzerland,Round of 16,,Tue,2014-07-01,13:00 (01:00),Argentina,1–0,Switzerland,63255,Arena Corinthians (Neutral Site),Jonas Eriksson,/en/matches/6b10caba/Argentina-Switzerland-July-1-2014-World-Cup,Required Extra Time,6b10caba
INT-World Cup,2014,2014-07-01 Belgium-United States,Round of 16,,Tue,2014-07-01,17:00 (05:00),Belgium,2–1,United States,51227,Itaipava Arena Fonte Nova (Neutral Site),Djamel Haïmoudi,/en/matches/2ecf86bb/Belgium-United-States-July-1-2014-World-Cup,Required Extra Time,2ecf86bb
INT-World Cup,2014,2014-07-04 Brazil-Colombia,Quarter-finals,,Fri,2014-07-04,17:00 (05:00),Brazil,2–1,Colombia,60342,Estádio Castelão (Neutral Site),Carlos Velasco,/en/matches/5f602ffa/Brazil-Colombia-July-4-2014-World-Cup,,5f602ffa
INT-World Cup,2014,2014-07-04 France-Germany,Quarter-finals,,Fri,2014-07-04,13:00 (01:00),France,0–1,Germany,74240,Estadio Jornalista Mário Filho (Neutral Site),Néstor Pitana,/en/matches/0189ead9/France-Germany-July-4-2014-World-Cup,,0189ead9
INT-World Cup,2014,2014-07-05 Argentina-Belgium,Quarter-finals,,Sat,2014-07-05,13:00 (01:00),Argentina,1–0,Belgium,68551,Estádio Nacional de Brasília (Neutral Site),Nicola Rizzoli,/en/matches/64df0095/Argentina-Belgium-July-5-2014-World-Cup,,64df0095
INT-World Cup,2014,2014-07-05 Netherlands-Costa Rica,Quarter-finals,,Sat,2014-07-05,17:00 (05:00),Netherlands,(4) 0–0 (3),Costa Rica,51179,Itaipava Arena Fonte Nova (Neutral Site),Ravshan Irmatov,/en/matches/8a87d8f1/Netherlands-Costa-Rica-July-5-2014-World-Cup,Netherlands won on penalty kicks following extra time,8a87d8f1
INT-World Cup,2014,2014-07-08 Brazil-Germany,Semi-finals,,Tue,2014-07-08,17:00 (05:00),Brazil,1–7,Germany,58141,Estádio Governador Magalhães Pinto (Neutral Site),Marco Antonio Rodríguez,/en/matches/04e9fcbd/Brazil-Germany-July-8-2014-World-Cup,,04e9fcbd
INT-World Cup,2014,2014-07-09 Netherlands-Argentina,Semi-finals,,Wed,2014-07-09,17:00 (05:00),Netherlands,(2) 0–0 (4),Argentina,63267,Arena Corinthians (Neutral Site),Cüneyt Çakιr,/en/matches/e1409f9a/Netherlands-Argentina-July-9-2014-World-Cup,Argentina won on penalty kicks following extra time,e1409f9a
INT-World Cup,2014,2014-07-12 Brazil-Netherlands,Third-place match,,Sat,2014-07-12,17:00 (05:00),Brazil,0–3,Netherlands,68034,Estádio Nacional de Brasília (Neutral Site),Djamel Haïmoudi,/en/matches/2000ff71/Brazil-Netherlands-July-12-2014-World-Cup,,2000ff71
INT-World Cup,2014,2014-07-13 Germany-Argentina,Final,,Sun,2014-07-13,16:00 (04:00),Germany,1–0,Argentina,74738,Estadio Jornalista Mário Filho (Neutral Site),Nicola Rizzoli,/en/matches/3bbb52d8/Germany-Argentina-July-13-2014-World-Cup,Required Extra Time,3bbb52d8
INT-World Cup,2018,2018-06-14 Russia-Saudi Arabia,Group stage,1,Thu,2018-06-14,18:00 (00:00),Russia,5–0,Saudi Arabia,78011,Olimpiyskiy stadion Luzhniki (Neutral Site),Néstor Pitana,/en/matches/c9d7e48c/Russia-Saudi-Arabia-June-14-2018-World-Cup,,c9d7e48c
INT-World Cup,2018,2018-06-15 Egypt-Uruguay,Group stage,1,Fri,2018-06-15,17:00 (21:00),Egypt,0–1,Uruguay,27015,Stadion Central'nyj (Neutral Site),Björn Kuipers,/en/matches/cea695e1/Egypt-Uruguay-June-15-2018-World-Cup,,cea695e1
INT-World Cup,2018,2018-06-15 Morocco-IR Iran,Group stage,1,Fri,2018-06-15,18:00 (00:00),Morocco,0–1,IR Iran,62548,Gazprom Arena (Neutral Site),Cüneyt Çakιr,/en/matches/028c7b0f/Morocco-IR-Iran-June-15-2018-World-Cup,,028c7b0f
INT-World Cup,2018,2018-06-15 Portugal-Spain,Group stage,1,Fri,2018-06-15,21:00 (03:00),Portugal,3–3,Spain,43866,Olimpiyskiy Stadion Fisht (Neutral Site),Gianluca Rocchi,/en/matches/2fecb1be/Portugal-Spain-June-15-2018-World-Cup,,2fecb1be
INT-World Cup,2018,2018-06-16 Argentina-Iceland,Group stage,1,Sat,2018-06-16,16:00 (22:00),Argentina,1–1,Iceland,44190,Otkrytie Arena (Neutral Site),Szymon Marciniak,/en/matches/1b352279/Argentina-Iceland-June-16-2018-World-Cup,,1b352279
INT-World Cup,2018,2018-06-16 Croatia-Nigeria,Group stage,1,Sat,2018-06-16,21:00 (04:00),Croatia,2–0,Nigeria,31136,Kaliningrad Stadium (Neutral Site),Sandro Ricci,/en/matches/b85541a6/Croatia-Nigeria-June-16-2018-World-Cup,,b85541a6
INT-World Cup,2018,2018-06-16 France-Australia,Group stage,1,Sat,2018-06-16,13:00 (19:00),France,2–1,Australia,41279,Kazan Arena (Neutral Site),Andrés Cunha,/en/matches/99aa0597/France-Australia-June-16-2018-World-Cup,,99aa0597
INT-World Cup,2018,2018-06-16 Peru-Denmark,Group stage,1,Sat,2018-06-16,19:00 (01:00),Peru,0–1,Denmark,40502,Mordovia Arena (Neutral Site),Bakary Papa Gassama,/en/matches/25905c9c/Peru-Denmark-June-16-2018-World-Cup,,25905c9c
INT-World Cup,2018,2018-06-17 Brazil-Switzerland,Group stage,1,Sun,2018-06-17,21:00 (03:00),Brazil,1–1,Switzerland,43109,Rostov Arena (Neutral Site),César Ramos,/en/matches/47906d9c/Brazil-Switzerland-June-17-2018-World-Cup,,47906d9c
INT-World Cup,2018,2018-06-17 Costa Rica-Serbia,Group stage,1,Sun,2018-06-17,16:00 (21:00),Costa Rica,0–1,Serbia,41432,Cosmos Arena (Neutral Site),Malang Diédhiou,/en/matches/73b53b07/Costa-Rica-Serbia-June-17-2018-World-Cup,,73b53b07
INT-World Cup,2018,2018-06-17 Germany-Mexico,Group stage,1,Sun,2018-06-17,18:00 (00:00),Germany,0–1,Mexico,78011,Olimpiyskiy stadion Luzhniki (Neutral Site),Alireza Faghani,/en/matches/4100c1fb/Germany-Mexico-June-17-2018-World-Cup,,4100c1fb
INT-World Cup,2018,2018-06-18 Belgium-Panama,Group stage,1,Mon,2018-06-18,18:00 (00:00),Belgium,3–0,Panama,43257,Olimpiyskiy Stadion Fisht (Neutral Site),Janny Sikazwe,/en/matches/fe0f9213/Belgium-Panama-June-18-2018-World-Cup,,fe0f9213
INT-World Cup,2018,2018-06-18 Sweden-Korea Republic,Group stage,1,Mon,2018-06-18,15:00 (21:00),Sweden,1–0,Korea Republic,42300,Stadion Nizhny Novgorod (Neutral Site),Joel Aguilar,/en/matches/81558c33/Sweden-Korea-Republic-June-18-2018-World-Cup,,81558c33
INT-World Cup,2018,2018-06-18 Tunisia-England,Group stage,1,Mon,2018-06-18,21:00 (03:00),Tunisia,1–2,England,41064,Volgograd Arena (Neutral Site),Wilmar Roldán,/en/matches/3dbb130b/Tunisia-England-June-18-2018-World-Cup,,3dbb130b
INT-World Cup,2018,2018-06-19 Colombia-Japan,Group stage,1,Tue,2018-06-19,15:00 (21:00),Colombia,1–2,Japan,40842,Mordovia Arena (Neutral Site),Damir Skomina,/en/matches/6b881027/Colombia-Japan-June-19-2018-World-Cup,,6b881027
INT-World Cup,2018,2018-06-19 Poland-Senegal,Group stage,1,Tue,2018-06-19,18:00 (00:00),Poland,1–2,Senegal,44190,Otkrytie Arena (Neutral Site),Nawaf Shukralla,/en/matches/e254550a/Poland-Senegal-June-19-2018-World-Cup,,e254550a
INT-World Cup,2018,2018-06-19 Russia-Egypt,Group stage,2,Tue,2018-06-19,21:00 (03:00),Russia,3–1,Egypt,64468,Gazprom Arena (Neutral Site),Enrique Cáceres,/en/matches/d054010d/Russia-Egypt-June-19-2018-World-Cup,,d054010d
INT-World Cup,2018,2018-06-20 IR Iran-Spain,Group stage,2,Wed,2018-06-20,21:00 (03:00),IR Iran,0–1,Spain,42718,Kazan Arena (Neutral Site),Andrés Cunha,/en/matches/cd0c54ed/IR-Iran-Spain-June-20-2018-World-Cup,,cd0c54ed
INT-World Cup,2018,2018-06-20 Portugal-Morocco,Group stage,2,Wed,2018-06-20,15:00 (21:00),Portugal,1–0,Morocco,78011,Olimpiyskiy stadion Luzhniki (Neutral Site),Mark Geiger,/en/matches/0f37c1da/Portugal-Morocco-June-20-2018-World-Cup,,0f37c1da
INT-World Cup,2018,2018-06-20 Uruguay-Saudi Arabia,Group stage,2,Wed,2018-06-20,18:00 (00:00),Uruguay,1–0,Saudi Arabia,42678,Rostov Arena (Neutral Site),Clément Turpin,/en/matches/958f044b/Uruguay-Saudi-Arabia-June-20-2018-World-Cup,,958f044b
INT-World Cup,2018,2018-06-21 Argentina-Croatia,Group stage,2,Thu,2018-06-21,21:00 (03:00),Argentina,0–3,Croatia,43319,Stadion Nizhny Novgorod (Neutral Site),Ravshan Irmatov,/en/matches/c4ec1ec2/Argentina-Croatia-June-21-2018-World-Cup,,c4ec1ec2
INT-World Cup,2018,2018-06-21 Denmark-Australia,Group stage,2,Thu,2018-06-21,16:00 (21:00),Denmark,1–1,Australia,40727,Cosmos Arena (Neutral Site),Antonio Matéu Lahoz,/en/matches/85bb652d/Denmark-Australia-June-21-2018-World-Cup,,85bb652d
INT-World Cup,2018,2018-06-21 France-Peru,Group stage,2,Thu,2018-06-21,20:00 (00:00),France,1–0,Peru,32789,Stadion Central'nyj (Neutral Site),Mohammed Abdulla Hassan,/en/matches/a8de3334/France-Peru-June-21-2018-World-Cup,,a8de3334
INT-World Cup,2018,2018-06-22 Brazil-Costa Rica,Group stage,2,Fri,2018-06-22,15:00 (21:00),Brazil,2–0,Costa Rica,64468,Gazprom Arena (Neutral Site),Björn Kuipers,/en/matches/be3e2453/Brazil-Costa-Rica-June-22-2018-World-Cup,,be3e2453
INT-World Cup,2018,2018-06-22 Nigeria-Iceland,Group stage,2,Fri,2018-06-22,18:00 (00:00),Nigeria,2–0,Iceland,40904,Volgograd Arena (Neutral Site),Matt Conger,/en/matches/66f80ae4/Nigeria-Iceland-June-22-2018-World-Cup,,66f80ae4
INT-World Cup,2018,2018-06-22 Serbia-Switzerland,Group stage,2,Fri,2018-06-22,20:00 (03:00),Serbia,1–2,Switzerland,33167,Kaliningrad Stadium (Neutral Site),Felix Brych,/en/matches/c9743f21/Serbia-Switzerland-June-22-2018-World-Cup,,c9743f21
INT-World Cup,2018,2018-06-23 Belgium-Tunisia,Group stage,2,Sat,2018-06-23,15:00 (21:00),Belgium,5–2,Tunisia,44190,Otkrytie Arena (Neutral Site),Jair Marrufo,/en/matches/f9b97a12/Belgium-Tunisia-June-23-2018-World-Cup,,f9b97a12
INT-World Cup,2018,2018-06-23 Germany-Sweden,Group stage,2,Sat,2018-06-23,21:00 (03:00),Germany,2–1,Sweden,44287,Olimpiyskiy Stadion Fisht (Neutral Site),Szymon Marciniak,/en/matches/e9fc9e82/Germany-Sweden-June-23-2018-World-Cup,,e9fc9e82
INT-World Cup,2018,2018-06-23 Korea Republic-Mexico,Group stage,2,Sat,2018-06-23,18:00 (00:00),Korea Republic,1–2,Mexico,43472,Rostov Arena (Neutral Site),Milorad Mažić,/en/matches/97e095b0/Korea-Republic-Mexico-June-23-2018-World-Cup,,97e095b0
INT-World Cup,2018,2018-06-24 England-Panama,Group stage,2,Sun,2018-06-24,15:00 (21:00),England,6–1,Panama,43319,Stadion Nizhny Novgorod (Neutral Site),Gehad Grisha,/en/matches/f68efc38/England-Panama-June-24-2018-World-Cup,,f68efc38
INT-World Cup,2018,2018-06-24 Japan-Senegal,Group stage,2,Sun,2018-06-24,20:00 (00:00),Japan,2–2,Senegal,32572,Stadion Central'nyj (Neutral Site),Gianluca Rocchi,/en/matches/59b7ead6/Japan-Senegal-June-24-2018-World-Cup,,59b7ead6
INT-World Cup,2018,2018-06-24 Poland-Colombia,Group stage,2,Sun,2018-06-24,21:00 (03:00),Poland,0–3,Colombia,42873,Kazan Arena (Neutral Site),César Arturo Ramos,/en/matches/49433591/Poland-Colombia-June-24-2018-World-Cup,,49433591
INT-World Cup,2018,2018-06-25 IR Iran-Portugal,Group stage,3,Mon,2018-06-25,21:00 (03:00),IR Iran,1–1,Portugal,41685,Mordovia Arena (Neutral Site),Enrique Cáceres,/en/matches/f572accd/IR-Iran-Portugal-June-25-2018-World-Cup,,f572accd
INT-World Cup,2018,2018-06-25 Saudi Arabia-Egypt,Group stage,3,Mon,2018-06-25,17:00 (23:00),Saudi Arabia,2–1,Egypt,36823,Volgograd Arena (Neutral Site),Wilmar Roldán,/en/matches/2fa10320/Saudi-Arabia-Egypt-June-25-2018-World-Cup,,2fa10320
INT-World Cup,2018,2018-06-25 Spain-Morocco,Group stage,3,Mon,2018-06-25,20:00 (03:00),Spain,2–2,Morocco,33973,Kaliningrad Stadium (Neutral Site),Ravshan Irmatov,/en/matches/39619129/Spain-Morocco-June-25-2018-World-Cup,,39619129
INT-World Cup,2018,2018-06-25 Uruguay-Russia,Group stage,3,Mon,2018-06-25,18:00 (23:00),Uruguay,3–0,Russia,41970,Cosmos Arena (Neutral Site),Malang Diédhiou,/en/matches/f25fa045/Uruguay-Russia-June-25-2018-World-Cup,,f25fa045
INT-World Cup,2018,2018-06-26 Australia-Peru,Group stage,3,Tue,2018-06-26,17:00 (23:00),Australia,0–2,Peru,44073,Olimpiyskiy Stadion Fisht (Neutral Site),Sergey Karasev,/en/matches/a3abd3b3/Australia-Peru-June-26-2018-World-Cup,,a3abd3b3
INT-World Cup,2018,2018-06-26 Denmark-France,Group stage,3,Tue,2018-06-26,17:00 (23:00),Denmark,0–0,France,78011,Olimpiyskiy stadion Luzhniki (Neutral Site),Sandro Ricci,/en/matches/6a60e1ab/Denmark-France-June-26-2018-World-Cup,,6a60e1ab
INT-World Cup,2018,2018-06-26 Iceland-Croatia,Group stage,3,Tue,2018-06-26,21:00 (03:00),Iceland,1–2,Croatia,43472,Rostov Arena (Neutral Site),Antonio Matéu Lahoz,/en/matches/01e30e44/Iceland-Croatia-June-26-2018-World-Cup,,01e30e44
INT-World Cup,2018,2018-06-26 Nigeria-Argentina,Group stage,3,Tue,2018-06-26,21:00 (03:00),Nigeria,1–2,Argentina,64468,Gazprom Arena (Neutral Site),Cüneyt Çakιr,/en/matches/1185d834/Nigeria-Argentina-June-26-2018-World-Cup,,1185d834
INT-World Cup,2018,2018-06-27 Korea Republic-Germany,Group stage,3,Wed,2018-06-27,17:00 (23:00),Korea Republic,2–0,Germany,41835,Kazan Arena (Neutral Site),Mark Geiger,/en/matches/4743cce5/Korea-Republic-Germany-June-27-2018-World-Cup,,4743cce5
INT-World Cup,2018,2018-06-27 Mexico-Sweden,Group stage,3,Wed,2018-06-27,19:00 (23:00),Mexico,0–3,Sweden,33061,Stadion Central'nyj (Neutral Site),Néstor Pitana,/en/matches/16d76ac5/Mexico-Sweden-June-27-2018-World-Cup,,16d76ac5
INT-World Cup,2018,2018-06-27 Serbia-Brazil,Group stage,3,Wed,2018-06-27,21:00 (03:00),Serbia,0–2,Brazil,44190,Otkrytie Arena (Neutral Site),Alireza Faghani,/en/matches/6addd2ab/Serbia-Brazil-June-27-2018-World-Cup,,6addd2ab
INT-World Cup,2018,2018-06-27 Switzerland-Costa Rica,Group stage,3,Wed,2018-06-27,21:00 (03:00),Switzerland,2–2,Costa Rica,43319,Stadion Nizhny Novgorod (Neutral Site),Clément Turpin,/en/matches/83e51111/Switzerland-Costa-Rica-June-27-2018-World-Cup,,83e51111
INT-World Cup,2018,2018-06-28 England-Belgium,Group stage,3,Thu,2018-06-28,20:00 (03:00),England,0–1,Belgium,33973,Kaliningrad Stadium (Neutral Site),Damir Skomina,/en/matches/5c20eb91/England-Belgium-June-28-2018-World-Cup,,5c20eb91
INT-World Cup,2018,2018-06-28 Japan-Poland,Group stage,3,Thu,2018-06-28,17:00 (23:00),Japan,0–1,Poland,42189,Volgograd Arena (Neutral Site),Janny Sikazwe,/en/matches/94f5d825/Japan-Poland-June-28-2018-World-Cup,,94f5d825
INT-World Cup,2018,2018-06-28 Panama-Tunisia,Group stage,3,Thu,2018-06-28,21:00 (03:00),Panama,1–2,Tunisia,37168,Mordovia Arena (Neutral Site),Nawaf Shukralla,/en/matches/545940e9/Panama-Tunisia-June-28-2018-World-Cup,,545940e9
INT-World Cup,2018,2018-06-28 Senegal-Colombia,Group stage,3,Thu,2018-06-28,18:00 (23:00),Senegal,0–1,Colombia,41970,Cosmos Arena (Neutral Site),Milorad Mažić,/en/matches/97a6949a/Senegal-Colombia-June-28-2018-World-Cup,,97a6949a
INT-World Cup,2018,2018-06-30 France-Argentina,Round of 16,,Sat,2018-06-30,17:00 (23:00),France,4–3,Argentina,42873,Kazan Arena (Neutral Site),Alireza Faghani,/en/matches/1c9745ea/France-Argentina-June-30-2018-World-Cup,,1c9745ea
INT-World Cup,2018,2018-06-30 Uruguay-Portugal,Round of 16,,Sat,2018-06-30,21:00 (03:00),Uruguay,2–1,Portugal,44287,Olimpiyskiy Stadion Fisht (Neutral Site),César Arturo Ramos,/en/matches/8c883b46/Uruguay-Portugal-June-30-2018-World-Cup,,8c883b46
INT-World Cup,2018,2018-07-01 Croatia-Denmark,Round of 16,,Sun,2018-07-01,21:00 (03:00),Croatia,(3) 1–1 (2),Denmark,40851,Stadion Nizhny Novgorod (Neutral Site),Néstor Pitana,/en/matches/f0fd68f3/Croatia-Denmark-July-1-2018-World-Cup,Croatia won on penalty kicks following extra time,f0fd68f3
INT-World Cup,2018,2018-07-01 Spain-Russia,Round of 16,,Sun,2018-07-01,17:00 (23:00),Spain,(3) 1–1 (4),Russia,78011,Olimpiyskiy stadion Luzhniki (Neutral Site),Björn Kuipers,/en/matches/3750b351/Spain-Russia-July-1-2018-World-Cup,Russia won on penalty kicks following extra time,3750b351
INT-World Cup,2018,2018-07-02 Belgium-Japan,Round of 16,,Mon,2018-07-02,21:00 (03:00),Belgium,3–2,Japan,41466,Rostov Arena (Neutral Site),Malang Diédhiou,/en/matches/1fd23151/Belgium-Japan-July-2-2018-World-Cup,,1fd23151
INT-World Cup,2018,2018-07-02 Brazil-Mexico,Round of 16,,Mon,2018-07-02,18:00 (23:00),Brazil,2–0,Mexico,41970,Cosmos Arena (Neutral Site),Gianluca Rocchi,/en/matches/44c9a149/Brazil-Mexico-July-2-2018-World-Cup,,44c9a149
INT-World Cup,2018,2018-07-03 Colombia-England,Round of 16,,Tue,2018-07-03,21:00 (03:00),Colombia,(3) 1–1 (4),England,44190,Otkrytie Arena (Neutral Site),Mark Geiger,/en/matches/878a02fd/Colombia-England-July-3-2018-World-Cup,England won on penalty kicks following extra time,878a02fd
INT-World Cup,2018,2018-07-03 Sweden-Switzerland,Round of 16,,Tue,2018-07-03,17:00 (23:00),Sweden,1–0,Switzerland,64042,Gazprom Arena (Neutral Site),Damir Skomina,/en/matches/3e7c486b/Sweden-Switzerland-July-3-2018-World-Cup,,3e7c486b
INT-World Cup,2018,2018-07-06 Brazil-Belgium,Quarter-finals,,Fri,2018-07-06,21:00 (03:00),Brazil,1–2,Belgium,42873,Kazan Arena (Neutral Site),Milorad Mažić,/en/matches/6fa6550c/Brazil-Belgium-July-6-2018-World-Cup,,6fa6550c
INT-World Cup,2018,2018-07-06 Uruguay-France,Quarter-finals,,Fri,2018-07-06,17:00 (23:00),Uruguay,0–2,France,43319,Stadion Nizhny Novgorod (Neutral Site),Néstor Pitana,/en/matches/7d3f9961/Uruguay-France-July-6-2018-World-Cup,,7d3f9961
INT-World Cup,2018,2018-07-07 Russia-Croatia,Quarter-finals,,Sat,2018-07-07,21:00 (03:00),Russia,(3) 2–2 (4),Croatia,44287,Olimpiyskiy Stadion Fisht (Neutral Site),Sandro Ricci,/en/matches/bd1fbaf4/Russia-Croatia-July-7-2018-World-Cup,Croatia won on penalty kicks following extra time,bd1fbaf4
INT-World Cup,2018,2018-07-07 Sweden-England,Quarter-finals,,Sat,2018-07-07,18:00 (23:00),Sweden,0–2,England,39991,Cosmos Arena (Neutral Site),Björn Kuipers,/en/matches/c7b2bf0a/Sweden-England-July-7-2018-World-Cup,,c7b2bf0a
INT-World Cup,2018,2018-07-10 France-Belgium,Semi-finals,,Tue,2018-07-10,21:00 (03:00),France,1–0,Belgium,64286,Gazprom Arena (Neutral Site),Andrés Cunha,/en/matches/605079c0/France-Belgium-July-10-2018-World-Cup,,605079c0
INT-World Cup,2018,2018-07-11 Croatia-England,Semi-finals,,Wed,2018-07-11,21:00 (03:00),Croatia,2–1,England,78011,Olimpiyskiy stadion Luzhniki (Neutral Site),Cüneyt Çakιr,/en/matches/12d32bfa/Croatia-England-July-11-2018-World-Cup,Required Extra Time,12d32bfa
INT-World Cup,2018,2018-07-14 Belgium-England,Third-place match,,Sat,2018-07-14,17:00 (23:00),Belgium,2–0,England,64406,Gazprom Arena (Neutral Site),Alireza Faghani,/en/matches/bc417615/Belgium-England-July-14-2018-World-Cup,,bc417615
INT-World Cup,2018,2018-07-15 France-Croatia,Final,,Sun,2018-07-15,18:00 (00:00),France,4–2,Croatia,78011,Olimpiyskiy stadion Luzhniki (Neutral Site),Néstor Pitana,/en/matches/a7957cf1/France-Croatia-July-15-2018-World-Cup,,a7957cf1
INT-World Cup,2022,2022-11-20 Qatar-Ecuador,Group stage,1,Sun,2022-11-20,19:00 (01:00),Qatar,0–2,Ecuador,67372,Al Bayt Stadium (Neutral Site),Daniele Orsato,/en/matches/1b2886ce/Qatar-Ecuador-November-20-2022-World-Cup,,1b2886ce
INT-World Cup,2022,2022-11-21 England-IR Iran,Group stage,1,Mon,2022-11-21,16:00 (22:00),England,6–2,IR Iran,45334,Khalifa International Stadium (Neutral Site),Raphael Claus,/en/matches/d8a472c1/England-IR-Iran-November-21-2022-World-Cup,,d8a472c1
INT-World Cup,2022,2022-11-21 Senegal-Netherlands,Group stage,1,Mon,2022-11-21,19:00 (01:00),Senegal,0–2,Netherlands,41721,Al Thumama Stadium (Neutral Site),Wilton Sampaio,/en/matches/21eb041c/Senegal-Netherlands-November-21-2022-World-Cup,,21eb041c
INT-World Cup,2022,2022-11-21 United States-Wales,Group stage,1,Mon,2022-11-21,22:00 (04:00),United States,1–1,Wales,43418,Ahmed bin Ali Stadium (Neutral Site),Abdulrahman Ibrahim Al Jassim,/en/matches/9de4c4cc/United-States-Wales-November-21-2022-World-Cup,,9de4c4cc
INT-World Cup,2022,2022-11-22 Argentina-Saudi Arabia,Group stage,1,Tue,2022-11-22,13:00 (19:00),Argentina,1–2,Saudi Arabia,88012,Lusail Iconic Stadium (Neutral Site),Slavko Vinčič,/en/matches/109ad6ba/Argentina-Saudi-Arabia-November-22-2022-World-Cup,,109ad6ba
INT-World Cup,2022,2022-11-22 Denmark-Tunisia,Group stage,1,Tue,2022-11-22,16:00 (22:00),Denmark,0–0,Tunisia,42925,Education City Stadium (Neutral Site),César Arturo Ramos,/en/matches/ea069a7f/Denmark-Tunisia-November-22-2022-World-Cup,,ea069a7f
INT-World Cup,2022,2022-11-22 France-Australia,Group stage,1,Tue,2022-11-22,22:00 (04:00),France,4–1,Australia,40875,Al Janoub Stadium (Neutral Site),Victor Gomes,/en/matches/539719fd/France-Australia-November-22-2022-World-Cup,,539719fd
INT-World Cup,2022,2022-11-22 Mexico-Poland,Group stage,1,Tue,2022-11-22,19:00 (01:00),Mexico,0–0,Poland,39369,Stadium 974 (Neutral Site),Chris Beath,/en/matches/0f944fec/Mexico-Poland-November-22-2022-World-Cup,,0f944fec
INT-World Cup,2022,2022-11-23 Belgium-Canada,Group stage,1,Wed,2022-11-23,22:00 (04:00),Belgium,1–0,Canada,40432,Ahmed bin Ali Stadium (Neutral Site),Janny Sikazwe,/en/matches/89c39a0a/Belgium-Canada-November-23-2022-World-Cup,,89c39a0a
INT-World Cup,2022,2022-11-23 Germany-Japan,Group stage,1,Wed,2022-11-23,16:00 (22:00),Germany,1–2,Japan,42608,Khalifa International Stadium (Neutral Site),Iván Barton,/en/matches/a3556b5a/Germany-Japan-November-23-2022-World-Cup,,a3556b5a
INT-World Cup,2022,2022-11-23 Morocco-Croatia,Group stage,1,Wed,2022-11-23,13:00 (19:00),Morocco,0–0,Croatia,59407,Al Bayt Stadium (Neutral Site),Fernando Rapallini,/en/matches/197b3688/Morocco-Croatia-November-23-2022-World-Cup,,197b3688
INT-World Cup,2022,2022-11-23 Spain-Costa Rica,Group stage,1,Wed,2022-11-23,19:00 (01:00),Spain,7–0,Costa Rica,40013,Al Thumama Stadium (Neutral Site),Mohammed Abdulla Hassan,/en/matches/dadb1883/Spain-Costa-Rica-November-23-2022-World-Cup,,dadb1883
INT-World Cup,2022,2022-11-24 Brazil-Serbia,Group stage,1,Thu,2022-11-24,22:00 (04:00),Brazil,2–0,Serbia,88103,Lusail Iconic Stadium (Neutral Site),Alireza Faghani,/en/matches/457c3fcf/Brazil-Serbia-November-24-2022-World-Cup,,457c3fcf
INT-World Cup,2022,2022-11-24 Portugal-Ghana,Group stage,1,Thu,2022-11-24,19:00 (01:00),Portugal,3–2,Ghana,42662,Stadium 974 (Neutral Site),Ismail Elfath,/en/matches/6a84c686/Portugal-Ghana-November-24-2022-World-Cup,,6a84c686
INT-World Cup,2022,2022-11-24 Switzerland-Cameroon,Group stage,1,Thu,2022-11-24,13:00 (19:00),Switzerland,1–0,Cameroon,39089,Al Janoub Stadium (Neutral Site),Facundo Tello,/en/matches/2bfd41ff/Switzerland-Cameroon-November-24-2022-World-Cup,,2bfd41ff
INT-World Cup,2022,2022-11-24 Uruguay-Korea Republic,Group stage,1,Thu,2022-11-24,16:00 (22:00),Uruguay,0–0,Korea Republic,41663,Education City Stadium (Neutral Site),Clément Turpin,/en/matches/878d5504/Uruguay-Korea-Republic-November-24-2022-World-Cup,,878d5504
INT-World Cup,2022,2022-11-25 England-United States,Group stage,2,Fri,2022-11-25,22:00 (04:00),England,0–0,United States,68463,Al Bayt Stadium (Neutral Site),Jesús Valenzuela,/en/matches/cde0c30b/England-United-States-November-25-2022-World-Cup,,cde0c30b
INT-World Cup,2022,2022-11-25 Netherlands-Ecuador,Group stage,2,Fri,2022-11-25,19:00 (01:00),Netherlands,1–1,Ecuador,44833,Khalifa International Stadium (Neutral Site),Mustapha Ghorbal,/en/matches/dd581756/Netherlands-Ecuador-November-25-2022-World-Cup,,dd581756
INT-World Cup,2022,2022-11-25 Qatar-Senegal,Group stage,2,Fri,2022-11-25,16:00 (22:00),Qatar,1–3,Senegal,41797,Al Thumama Stadium (Neutral Site),Antonio Matéu,/en/matches/bfc75e3c/Qatar-Senegal-November-25-2022-World-Cup,,bfc75e3c
INT-World Cup,2022,2022-11-25 Wales-IR Iran,Group stage,2,Fri,2022-11-25,13:00 (19:00),Wales,0–2,IR Iran,40875,Ahmed bin Ali Stadium (Neutral Site),Mario Escobar,/en/matches/ff2407b2/Wales-IR-Iran-November-25-2022-World-Cup,,ff2407b2
INT-World Cup,2022,2022-11-26 Argentina-Mexico,Group stage,2,Sat,2022-11-26,22:00 (04:00),Argentina,2–0,Mexico,88966,Lusail Iconic Stadium (Neutral Site),Daniele Orsato,/en/matches/d28d6c80/Argentina-Mexico-November-26-2022-World-Cup,,d28d6c80
INT-World Cup,2022,2022-11-26 France-Denmark,Group stage,2,Sat,2022-11-26,19:00 (01:00),France,2–1,Denmark,42860,Stadium 974 (Neutral Site),Szymon Marciniak,/en/matches/6ff09149/France-Denmark-November-26-2022-World-Cup,,6ff09149
INT-World Cup,2022,2022-11-26 Poland-Saudi Arabia,Group stage,2,Sat,2022-11-26,16:00 (22:00),Poland,2–0,Saudi Arabia,44259,Education City Stadium (Neutral Site),Wilton Sampaio,/en/matches/8c7e37e6/Poland-Saudi-Arabia-November-26-2022-World-Cup,,8c7e37e6
INT-World Cup,2022,2022-11-26 Tunisia-Australia,Group stage,2,Sat,2022-11-26,13:00 (19:00),Tunisia,0–1,Australia,41823,Al Janoub Stadium (Neutral Site),Daniel Siebert,/en/matches/b105bb5f/Tunisia-Australia-November-26-2022-World-Cup,,b105bb5f
INT-World Cup,2022,2022-11-27 Belgium-Morocco,Group stage,2,Sun,2022-11-27,16:00 (22:00),Belgium,0–2,Morocco,43738,Al Thumama Stadium (Neutral Site),César Arturo Ramos,/en/matches/18d1b45b/Belgium-Morocco-November-27-2022-World-Cup,,18d1b45b
INT-World Cup,2022,2022-11-27 Croatia-Canada,Group stage,2,Sun,2022-11-27,19:00 (01:00),Croatia,4–1,Canada,44374,Khalifa International Stadium (Neutral Site),Andrés Matonte,/en/matches/6bac97fe/Croatia-Canada-November-27-2022-World-Cup,,6bac97fe
INT-World Cup,2022,2022-11-27 Japan-Costa Rica,Group stage,2,Sun,2022-11-27,13:00 (19:00),Japan,0–1,Costa Rica,41479,Ahmed bin Ali Stadium (Neutral Site),Michael Oliver,/en/matches/d56309f4/Japan-Costa-Rica-November-27-2022-World-Cup,,d56309f4
INT-World Cup,2022,2022-11-27 Spain-Germany,Group stage,2,Sun,2022-11-27,22:00 (04:00),Spain,1–1,Germany,68895,Al Bayt Stadium (Neutral Site),Danny Makkelie,/en/matches/9397f79c/Spain-Germany-November-27-2022-World-Cup,,9397f79c
INT-World Cup,2022,2022-11-28 Brazil-Switzerland,Group stage,2,Mon,2022-11-28,19:00 (01:00),Brazil,1–0,Switzerland,43649,Stadium 974 (Neutral Site),Iván Barton,/en/matches/459240ee/Brazil-Switzerland-November-28-2022-World-Cup,,459240ee
INT-World Cup,2022,2022-11-28 Cameroon-Serbia,Group stage,2,Mon,2022-11-28,13:00 (19:00),Cameroon,3–3,Serbia,39789,Al Janoub Stadium (Neutral Site),Mohammed Abdulla Hassan,/en/matches/fbe95cd2/Cameroon-Serbia-November-28-2022-World-Cup,,fbe95cd2
INT-World Cup,2022,2022-11-28 Korea Republic-Ghana,Group stage,2,Mon,2022-11-28,16:00 (22:00),Korea Republic,2–3,Ghana,43983,Education City Stadium (Neutral Site),Anthony Taylor,/en/matches/38069bed/Korea-Republic-Ghana-November-28-2022-World-Cup,,38069bed
INT-World Cup,2022,2022-11-28 Portugal-Uruguay,Group stage,2,Mon,2022-11-28,22:00 (04:00),Portugal,2–0,Uruguay,88668,Lusail Iconic Stadium (Neutral Site),Alireza Faghani,/en/matches/90fded8a/Portugal-Uruguay-November-28-2022-World-Cup,,90fded8a
INT-World Cup,2022,2022-11-29 Ecuador-Senegal,Group stage,3,Tue,2022-11-29,18:00 (00:00),Ecuador,1–2,Senegal,44569,Khalifa International Stadium (Neutral Site),Clément Turpin,/en/matches/d33eadf0/Ecuador-Senegal-November-29-2022-World-Cup,,d33eadf0
INT-World Cup,2022,2022-11-29 IR Iran-United States,Group stage,3,Tue,2022-11-29,22:00 (04:00),IR Iran,0–1,United States,42127,Al Thumama Stadium (Neutral Site),Antonio Matéu,/en/matches/dcd3b239/IR-Iran-United-States-November-29-2022-World-Cup,,dcd3b239
INT-World Cup,2022,2022-11-29 Netherlands-Qatar,Group stage,3,Tue,2022-11-29,18:00 (00:00),Netherlands,2–0,Qatar,66784,Al Bayt Stadium (Neutral Site),Bakary Papa Gassama,/en/matches/af95872a/Netherlands-Qatar-November-29-2022-World-Cup,,af95872a
INT-World Cup,2022,2022-11-29 Wales-England,Group stage,3,Tue,2022-11-29,22:00 (04:00),Wales,0–3,England,44297,Ahmed bin Ali Stadium (Neutral Site),Slavko Vinčič,/en/matches/e51b7436/Wales-England-November-29-2022-World-Cup,,e51b7436
INT-World Cup,2022,2022-11-30 Australia-Denmark,Group stage,3,Wed,2022-11-30,18:00 (00:00),Australia,1–0,Denmark,41232,Al Janoub Stadium (Neutral Site),Mustapha Ghorbal,/en/matches/773b0721/Australia-Denmark-November-30-2022-World-Cup,,773b0721
INT-World Cup,2022,2022-11-30 Poland-Argentina,Group stage,3,Wed,2022-11-30,22:00 (04:00),Poland,0–2,Argentina,44089,Stadium 974 (Neutral Site),Danny Makkelie,/en/matches/aaa7a69d/Poland-Argentina-November-30-2022-World-Cup,,aaa7a69d
INT-World Cup,2022,2022-11-30 Saudi Arabia-Mexico,Group stage,3,Wed,2022-11-30,22:00 (04:00),Saudi Arabia,1–2,Mexico,84985,Lusail Iconic Stadium (Neutral Site),Michael Oliver,/en/matches/6d3741e9/Saudi-Arabia-Mexico-November-30-2022-World-Cup,,6d3741e9
INT-World Cup,2022,2022-11-30 Tunisia-France,Group stage,3,Wed,2022-11-30,18:00 (00:00),Tunisia,1–0,France,43627,Education City Stadium (Neutral Site),Matt Conger,/en/matches/acb6de0f/Tunisia-France-November-30-2022-World-Cup,,acb6de0f
INT-World Cup,2022,2022-12-01 Canada-Morocco,Group stage,3,Thu,2022-12-01,18:00 (00:00),Canada,1–2,Morocco,43102,Al Thumama Stadium (Neutral Site),Raphael Claus,/en/matches/46776714/Canada-Morocco-December-1-2022-World-Cup,,46776714
INT-World Cup,2022,2022-12-01 Costa Rica-Germany,Group stage,3,Thu,2022-12-01,22:00 (04:00),Costa Rica,2–4,Germany,67054,Al Bayt Stadium (Neutral Site),Stéphanie Frappart,/en/matches/6a2a024f/Costa-Rica-Germany-December-1-2022-World-Cup,,6a2a024f
INT-World Cup,2022,2022-12-01 Croatia-Belgium,Group stage,3,Thu,2022-12-01,18:00 (00:00),Croatia,0–0,Belgium,43984,Ahmed bin Ali Stadium (Neutral Site),Anthony Taylor,/en/matches/ea7139a8/Croatia-Belgium-December-1-2022-World-Cup,,ea7139a8
INT-World Cup,2022,2022-12-01 Japan-Spain,Group stage,3,Thu,2022-12-01,22:00 (04:00),Japan,2–1,Spain,44851,Khalifa International Stadium (Neutral Site),Victor Gomes,/en/matches/f04828fe/Japan-Spain-December-1-2022-World-Cup,,f04828fe
INT-World Cup,2022,2022-12-02 Cameroon-Brazil,Group stage,3,Fri,2022-12-02,22:00 (04:00),Cameroon,1–0,Brazil,85986,Lusail Iconic Stadium (Neutral Site),Ismail Elfath,/en/matches/5a2cc3c5/Cameroon-Brazil-December-2-2022-World-Cup,,5a2cc3c5
INT-World Cup,2022,2022-12-02 Ghana-Uruguay,Group stage,3,Fri,2022-12-02,18:00 (00:00),Ghana,0–2,Uruguay,43443,Al Janoub Stadium (Neutral Site),Daniel Siebert,/en/matches/0b62abf2/Ghana-Uruguay-December-2-2022-World-Cup,,0b62abf2
INT-World Cup,2022,2022-12-02 Korea Republic-Portugal,Group stage,3,Fri,2022-12-02,18:00 (00:00),Korea Republic,2–1,Portugal,44097,Education City Stadium (Neutral Site),Facundo Tello,/en/matches/341e520f/Korea-Republic-Portugal-December-2-2022-World-Cup,,341e520f
INT-World Cup,2022,2022-12-02 Serbia-Switzerland,Group stage,3,Fri,2022-12-02,22:00 (04:00),Serbia,2–3,Switzerland,41378,Stadium 974 (Neutral Site),Fernando Rapallini,/en/matches/cef4945f/Serbia-Switzerland-December-2-2022-World-Cup,,cef4945f
INT-World Cup,2022,2022-12-03 Argentina-Australia,Round of 16,,Sat,2022-12-03,22:00 (04:00),Argentina,2–1,Australia,45032,Ahmed bin Ali Stadium (Neutral Site),Szymon Marciniak,/en/matches/4319c4bd/Argentina-Australia-December-3-2022-World-Cup,,4319c4bd
INT-World Cup,2022,2022-12-03 Netherlands-United States,Round of 16,,Sat,2022-12-03,18:00 (00:00),Netherlands,3–1,United States,44846,Khalifa International Stadium (Neutral Site),Wilton Sampaio,/en/matches/249ccad4/Netherlands-United-States-December-3-2022-World-Cup,,249ccad4
INT-World Cup,2022,2022-12-04 England-Senegal,Round of 16,,Sun,2022-12-04,22:00 (04:00),England,3–0,Senegal,65985,Al Bayt Stadium (Neutral Site),Iván Barton,/en/matches/a323f701/England-Senegal-December-4-2022-World-Cup,,a323f701
INT-World Cup,2022,2022-12-04 France-Poland,Round of 16,,Sun,2022-12-04,18:00 (00:00),France,3–1,Poland,40989,Al Thumama Stadium (Neutral Site),Jesús Valenzuela,/en/matches/430fc603/France-Poland-December-4-2022-World-Cup,,430fc603
INT-World Cup,2022,2022-12-05 Brazil-Korea Republic,Round of 16,,Mon,2022-12-05,22:00 (04:00),Brazil,4–1,Korea Republic,43847,Stadium 974 (Neutral Site),Clément Turpin,/en/matches/bc6994e8/Brazil-Korea-Republic-December-5-2022-World-Cup,,bc6994e8
INT-World Cup,2022,2022-12-05 Japan-Croatia,Round of 16,,Mon,2022-12-05,18:00 (00:00),Japan,(1) 1–1 (3),Croatia,42523,Al Janoub Stadium (Neutral Site),Ismail Elfath,/en/matches/4e74d7ed/Japan-Croatia-December-5-2022-World-Cup,Croatia won on penalty kicks following extra time,4e74d7ed
INT-World Cup,2022,2022-12-06 Morocco-Spain,Round of 16,,Tue,2022-12-06,18:00 (00:00),Morocco,(3) 0–0 (0),Spain,44667,Education City Stadium (Neutral Site),Fernando Rapallini,/en/matches/4c0aa6b0/Morocco-Spain-December-6-2022-World-Cup,Morocco won on penalty kicks following extra time,4c0aa6b0
INT-World Cup,2022,2022-12-06 Portugal-Switzerland,Round of 16,,Tue,2022-12-06,22:00 (04:00),Portugal,6–1,Switzerland,83720,Lusail Iconic Stadium (Neutral Site),César Arturo Ramos,/en/matches/799eb586/Portugal-Switzerland-December-6-2022-World-Cup,,799eb586
INT-World Cup,2022,2022-12-09 Croatia-Brazil,Quarter-finals,,Fri,2022-12-09,18:00 (00:00),Croatia,(4) 1–1 (2),Brazil,43893,Education City Stadium (Neutral Site),Michael Oliver,/en/matches/bb30147d/Croatia-Brazil-December-9-2022-World-Cup,Croatia won on penalty kicks following extra time,bb30147d
INT-World Cup,2022,2022-12-09 Netherlands-Argentina,Quarter-finals,,Fri,2022-12-09,22:00 (04:00),Netherlands,(3) 2–2 (4),Argentina,88235,Lusail Iconic Stadium (Neutral Site),Antonio Matéu,/en/matches/9fd14983/Netherlands-Argentina-December-9-2022-World-Cup,Argentina won on penalty kicks following extra time,9fd14983
INT-World Cup,2022,2022-12-10 England-France,Quarter-finals,,Sat,2022-12-10,22:00 (04:00),England,1–2,France,68895,Al Bayt Stadium (Neutral Site),Wilton Sampaio,/en/matches/6d4b58f5/England-France-December-10-2022-World-Cup,,6d4b58f5
INT-World Cup,2022,2022-12-10 Morocco-Portugal,Quarter-finals,,Sat,2022-12-10,18:00 (00:00),Morocco,1–0,Portugal,44198,Al Thumama Stadium (Neutral Site),Facundo Tello,/en/matches/170c8725/Morocco-Portugal-December-10-2022-World-Cup,,170c8725
INT-World Cup,2022,2022-12-13 Argentina-Croatia,Semi-finals,,Tue,2022-12-13,22:00 (04:00),Argentina,3–0,Croatia,88966,Lusail Iconic Stadium (Neutral Site),Daniele Orsato,/en/matches/0b527037/Argentina-Croatia-December-13-2022-World-Cup,,0b527037
INT-World Cup,2022,2022-12-14 France-Morocco,Semi-finals,,Wed,2022-12-14,22:00 (04:00),France,2–0,Morocco,68294,Al Bayt Stadium (Neutral Site),César Arturo Ramos,/en/matches/85c72a0a/France-Morocco-December-14-2022-World-Cup,,85c72a0a
INT-World Cup,2022,2022-12-17 Croatia-Morocco,Third-place match,,Sat,2022-12-17,18:00 (00:00),Croatia,2–1,Morocco,44137,Khalifa International Stadium (Neutral Site),Abdulrahman Ibrahim Al Jassim,/en/matches/9d73d381/Croatia-Morocco-December-17-2022-World-Cup,,9d73d381
INT-World Cup,2022,2022-12-18 Argentina-France,Final,,Sun,2022-12-18,18:00 (00:00),Argentina,(4) 3–3 (2),France,88966,Lusail Iconic Stadium (Neutral Site),Szymon Marciniak,/en/matches/7140acae/Argentina-France-December-18-2022-World-Cup,Argentina won on penalty kicks following extra time,7140acae
